yr,mn,ym,sn,cardname,b,d,editable,b2,c,c2,d2,k,k2,l,l2,n,n2,n_tot,n2_tot,p,p2,p_tot,p2_tot,機構名稱,資料月份,卡片名稱,發卡總數,流通卡數,當月發卡數,當月停卡數,當月贖回金額,當月偽冒停卡張數,當年度累計偽冒停卡張數,當月偽冒損失金額,當年度累計偽冒損失金額,維護部門名稱,主管姓名,主管電話,承辦人姓名,承辦人電話,承辦人E-MAIL,e,e2,f,f2,g,g2,h,h2,i,i2,j,j2,m,m2,當月儲(加)值金額,當月儲(加)值卡數,當月儲(加)值次數,當月消費金額,當月消費卡數,當月消費次數,儲值總餘額
115,2,115/02,3,一卡通,56226184,364748,false,55306056,41633959,40715127,364748,200961,200961,11032386,11032386,4,4,9,9,0,0,427,427,一卡通票證股份有限公司,115 年 02 月,一卡通,56226184,41633959,364748,200961,11032386,4,9,0,427,營運產品群票證營運部,林宏奕,07-7933000#653,鄭貽文,07-7933000#510,000298@i-pass.com.tw,,,,,,,,,,,,,,,,,,,,,
115,1,115/01,3,一卡通,55861436,354648,false,54941308,41470172,40551340,354648,210374,210374,18151334,18151334,5,5,5,5,427,427,427,427,一卡通票證股份有限公司,115 年 01 月,一卡通,55861436,41470172,354648,210374,18151334,5,5,427,427,營運產品群票證營運部,林宏奕,07-7933000#653,鄭貽文,07-7933000#510,000298@i-pass.com.tw,,,,,,,,,,,,,,,,,,,,,
114,12,114/12,3,一卡通,55506788,301893,false,54586660,41325898,40407066,301893,280121,280121,40222769,40222769,1,1,98,98,0,0,86275,86275,一卡通票證股份有限公司,114 年 12 月,一卡通,55506788,41325898,301893,280121,40222769,1,98,0,86275,營運產品群票證營運部,林宏奕,07-7933000#653,鄭貽文,07-7933000#510,000298@i-pass.com.tw,,,,,,,,,,,,,,,,,,,,,
114,11,114/11,3,一卡通,55204895,340975,false,54284767,41304126,40385294,340975,219946,219946,12922809,12922809,2,2,97,97,0,0,86275,86275,一卡通票證股份有限公司,114 年 11 月,一卡通,55204895,41304126,340975,219946,12922809,2,97,0,86275,營運產品群票證營運部,林宏奕,07-7933000#653,鄭貽文,07-7933000#510,000298@i-pass.com.tw,,,,,,,,,,,,,,,,,,,,,
114,10,114/10,3,一卡通,54863920,404676,false,53943792,41183097,40264265,404676,220247,220247,11040836,11040836,5,5,95,95,24,24,86275,86275,一卡通票證股份有限公司,114 年 10 月,一卡通,54863920,41183097,404676,220247,11040836,5,95,24,86275,營運產品群票證營運部,林宏奕,07-7933000#653,鄭貽文,07-7933000#510,000298@i-pass.com.tw,,,,,,,,,,,,,,,,,,,,,
114,9,114/09,3,一卡通,54459244,319801,false,53539116,40998668,40079836,319801,212196,212196,12165425,12165425,4,4,90,90,5100,5100,86251,86251,一卡通票證股份有限公司,114 年 09 月,一卡通,54459244,40998668,319801,212196,12165425,4,90,5100,86251,營運產品群票證營運部,林宏奕,07-7933000#653,鄭貽文,07-7933000#510,000298@i-pass.com.tw,,,,,,,,,,,,,,,,,,,,,
114,8,114/08,3,一卡通,54139443,405062,false,53219315,40891063,39972231,405062,221699,221699,13038183,13038183,4,4,86,86,26924,26924,81151,81151,一卡通票證股份有限公司,114 年 08 月,一卡通,54139443,40891063,405062,221699,13038183,4,86,26924,81151,營運產品群票證營運部,林宏奕,07-7933000#653,鄭貽文,07-7933000#510,000298@i-pass.com.tw,,,,,,,,,,,,,,,,,,,,,
114,7,114/07,3,一卡通,53734381,465159,false,52814253,40707700,39788868,465159,235974,235974,12203942,12203942,8,8,82,82,22,22,54227,54227,一卡通票證股份有限公司,114 年 07 月,一卡通,53734381,40707700,465159,235974,12203942,8,82,22,54227,營運產品群票證營運部,林宏奕,07-7933000#653,鄭貽文,07-7933000#510,000298@i-pass.com.tw,,,,,,,,,,,,,,,,,,,,,
114,6,114/06,3,一卡通,53269222,203655,false,52349094,40478515,39559683,203655,207814,207814,16549271,16549271,1,1,74,74,0,0,54205,54205,一卡通票證股份有限公司,114 年 06 月,一卡通,53269222,40478515,203655,207814,16549271,1,74,0,54205,營運產品群票證營運部,林宏奕,07-7933000#653,鄭貽文,07-7933000#510,000298@i-pass.com.tw,,,,,,,,,,,,,,,,,,,,,
114,5,114/05,3,一卡通,53065567,360128,false,52145439,40482674,39563842,359928,206324,206324,8879068,8879068,4,4,73,73,20,20,54205,54205,一卡通票證股份有限公司,114 年 05 月,一卡通,53065567,40482674,360128,206324,8879068,4,73,20,54205,營運產品群票證營運部,林宏奕,07-7933000#653,鄭貽文,07-7933000#510,000298@i-pass.com.tw,,,,,,,,,,,,,,,,,,,,,
114,4,114/04,3,一卡通,52705439,299757,false,51785511,40328870,39410237,299757,220370,220370,13714228,13714228,34,34,69,69,52830,52830,54185,54185,一卡通票證股份有限公司,114 年 04 月,一卡通,52705439,40328870,299757,220370,13714228,34,69,52830,54185,營運產品群票證營運部,林宏奕,07-7933000#653,鄭貽文,07-7933000#510,000298@i-pass.com.tw,,,,,,,,,,,,,,,,,,,,,
114,3,114/03,3,一卡通,52405682,401851,false,51485754,40249483,39330850,401851,212611,212611,11173161,11173161,11,11,35,35,1355,1355,1355,1355,一卡通票證股份有限公司,114 年 03 月,一卡通,52405682,40249483,401851,212611,11173161,11,35,1355,1355,營運產品群票證營運部,林宏奕,07-7933000#653,鄭貽文,07-7933000#510,000298@i-pass.com.tw,,,,,,,,,,,,,,,,,,,,,
114,2,114/02,3,一卡通,52003831,495474,false,51083903,40060243,39141610,495474,204442,204442,14369068,14369068,2,2,24,24,0,0,0,0,一卡通票證股份有限公司,114 年 02 月,一卡通,52003831,40060243,495474,204442,14369068,2,24,0,0,營運產品群票證營運部,林宏奕,07-7933000#653,鄭貽文,07-7933000#510,000298@i-pass.com.tw,,,,,,,,,,,,,,,,,,,,,
114,1,114/01,3,一卡通,51508357,433312,false,50588429,39769211,38850578,433312,263744,263744,10407026,10407026,22,22,22,22,0,0,0,0,一卡通票證股份有限公司,114 年 01 月,一卡通,51508357,39769211,433312,263744,10407026,22,22,0,0,營運產品群票證營運部,林宏奕,07-7933000#653,鄭貽文,07-7933000#510,000298@i-pass.com.tw,,,,,,,,,,,,,,,,,,,,,
113,12,113/12,3,一卡通,51075045,356068,false,50155117,39599643,38681010,356068,289106,289106,17583883,17583883,43,43,110,110,6000,6000,39331647,39331647,一卡通票證股份有限公司,113 年 12 月,一卡通,51075045,39599643,356068,289106,17583883,43,110,6000,39331647,營運產品群票證營運部,林宏奕,07-7933000#653,鄭貽文,07-7933000#510,000298@i-pass.com.tw,,,,,,,,,,,,,,,,,,,,,
113,11,113/11,3,一卡通,50760033,514255,false,50718977,39573597,39532681,514255,264592,264592,14968360,14968360,20,20,67,67,9328386,9328386,39325647,39325647,一卡通票證股份有限公司,113 年 11 月,一卡通,50760033,39573597,514255,264592,14968360,20,67,9328386,39325647,營運產品群票證營運部,林宏奕,07-7933000#653,鄭貽文,07-7933000#510,000298@i-pass.com.tw,,,,,,,,,,,,,,,,,,,,,
113,10,113/10,3,一卡通,50245767,403880,false,50204722,39323923,39283018,1282763,246000,246000,13954622,13954622,16,16,47,47,159141,159141,29997261,29997261,一卡通票證股份有限公司,113 年 10 月,一卡通,50245767,39323923,403880,246000,13954622,16,47,159141,29997261,營運產品群票證營運部,林宏奕,07-7933000#653,鄭貽文,07-7933000#510,000298@i-pass.com.tw,,,,,,,,,,,,,,,,,,,,,
113,9,113/09,3,一卡通,49841887,399165,false,48921959,39166043,38247410,399165,239880,239880,15628051,15628051,18,18,31,31,125,125,29838120,29838120,一卡通票證股份有限公司,113 年 09 月,一卡通,49841887,39166043,399165,239880,15628051,18,31,125,29838120,營運產品群票證營運部,林宏奕,07-7933000#653,鄭貽文,07-7933000#510,000298@i-pass.com.tw,,,,,,,,,,,,,,,,,,,,,
113,8,113/08,3,一卡通,49442722,507093,false,48522794,39006758,38088125,507093,244051,244051,15013474,15013474,7,7,13,13,26246640,26246640,29837995,29837995,一卡通票證股份有限公司,113 年 08 月,一卡通,49442722,39006758,507093,244051,15013474,7,13,26246640,29837995,營運產品群票證營運部,林宏奕,07-7933000#653,鄭貽文,07-7933000#510,000298@i-pass.com.tw,,,,,,,,,,,,,,,,,,,,,
113,7,113/07,3,一卡通,48935629,473333,false,48015701,38743716,37825083,473333,267157,267157,15857406,15857406,0,0,6,6,0,0,3591355,3591355,一卡通票證股份有限公司,113 年 07 月,一卡通,48935629,38743716,473333,267157,15857406,0,6,0,3591355,營運產品群票證營運部,林宏奕,07-7933000#653,鄭貽文,07-7933000#510,000298@i-pass.com.tw,,,,,,,,,,,,,,,,,,,,,
113,6,113/06,3,一卡通,48462296,537736,false,47542368,38537540,37618907,537736,246505,246505,17383610,48462296,0,0,6,6,0,0,3591355,3591355,一卡通票證股份有限公司,113 年 06 月,一卡通,48462296,38537540,537736,246505,17383610,0,6,0,3591355,營運產品群票證營運部,林宏奕,07-7933000#653,鄭貽文,07-7933000#510,000298@i-pass.com.tw,,,,,,,,,,,,,,,,,,,,,
113,5,113/05,3,一卡通,47924560,564160,false,47004632,38246309,37327676,564160,295956,295956,21375332,21375332,0,0,6,6,0,0,3591355,3591355,一卡通票證股份有限公司,113 年 05 月,一卡通,47924560,38246309,564160,295956,21375332,0,6,0,3591355,營運產品群票證營運部,林宏奕,07-7933000#653,鄭貽文,07-7933000#510,000298@i-pass.com.tw,,,,,,,,,,,,,,,,,,,,,
113,4,113/04,3,一卡通,47360400,457097,false,46440472,37978105,37059471,457097,288323,288323,17121865,17121865,1,1,6,6,17,17,3591355,3591355,一卡通票證股份有限公司,113 年 04 月,一卡通,47360400,37978105,457097,288323,17121865,1,6,17,3591355,營運產品群票證營運部,林宏奕,07-7933000#653,鄭貽文,07-7933000#510,000298@i-pass.com.tw,,,,,,,,,,,,,,,,,,,,,
113,3,113/03,3,一卡通,46903303,627136,false,45983375,37809331,36890697,627136,162719,162719,8397158,8397158,4,4,5,5,3591338,3591338,3591338,3591338,一卡通票證股份有限公司,113 年 03 月,一卡通,46903303,37809331,627136,162719,8397158,4,5,3591338,3591338,營運產品群票證營運部,林宏奕,07-7933000#653,鄭貽文,07-7933000#510,000298@i-pass.com.tw,,,,,,,,,,,,,,,,,,,,,
113,2,113/02,3,一卡通,46276167,550294,false,45356239,37344914,36426280,550294,291466,291466,18472556,18472556,0,0,1,1,0,0,0,0,一卡通票證股份有限公司,113 年 02 月,一卡通,46276167,37344914,550294,291466,18472556,0,1,0,0,營運產品群票證營運部,林宏奕,07-7933000#653,鄭貽文,07-7933000#510,000298@i-pass.com.tw,,,,,,,,,,,,,,,,,,,,,
113,1,113/01,3,一卡通,45725873,444943,false,44805945,37086086,36167451,444943,210028,210028,14133616,14133616,1,1,1,1,0,0,0,0,一卡通票證股份有限公司,113 年 01 月,一卡通,45725873,37086086,444943,210028,14133616,1,1,0,0,營運產品群票證營運部,林宏奕,07-7933000#653,鄭貽文,07-7933000#510,000298@i-pass.com.tw,,,,,,,,,,,,,,,,,,,,,
112,12,112/12,3,一卡通,45280959,573530,false,44361002,36851200,35932536,573530,167008,167008,11768871,11768871,0,0,15,15,0,0,28,28,一卡通票證股份有限公司,112 年 12 月,一卡通,45280959,36851200,573530,167008,11768871,0,15,0,28,營運產品群票證營運部,林宏奕,07-7933000#653,鄭貽文,07-7933000#510,000298@i-pass.com.tw,,,,,,,,,,,,,,,,,,,,,
112,11,112/11,3,一卡通,44707429,461184,false,43787472,36444678,35526014,461184,181561,181561,11792432,11792432,1,1,15,15,0,0,28,28,一卡通票證股份有限公司,112 年 11 月,一卡通,44707429,36444678,461184,181561,11792432,1,15,0,28,營運產品群票證營運部,林宏奕,07-7933000#653,鄭貽文,07-7933000#510,000298@i-pass.com.tw,,,,,,,,,,,,,,,,,,,,,
112,10,112/10,3,一卡通,44246245,423936,false,43326288,36165055,35246391,423936,167796,167796,10934346,10934346,0,0,14,14,0,0,28,28,一卡通票證股份有限公司,112 年 10 月,一卡通,44246245,36165055,423936,167796,10934346,0,14,0,28,營運產品群票證營運部,林宏奕,07-7933000#653,鄭貽文,07-7933000#510,000298@i-pass.com.tw,,,,,,,,,,,,,,,,,,,,,
112,9,112/09,3,一卡通,43822309,518864,false,42902352,35908915,34990251,518864,197256,197256,13996259,13996259,2,2,14,14,0,0,28,28,一卡通票證股份有限公司,112 年 09 月,一卡通,43822309,35908915,518864,197256,13996259,2,14,0,28,營運產品群票證營運部,林宏奕,07-7933000#653,鄭貽文,07-7933000#510,000298@i-pass.com.tw,,,,,,,,,,,,,,,,,,,,,
112,8,112/08,3,一卡通,43303445,736704,false,42383488,35587307,34668643,737504,216678,216678,12627576,12627576,0,0,12,12,0,0,28,28,一卡通票證股份有限公司,112 年 08 月,一卡通,43303445,35587307,736704,216678,12627576,0,12,0,28,營運產品群票證營運部,林宏奕,07-7933000#653,鄭貽文,07-7933000#510,000298@i-pass.com.tw,,,,,,,,,,,,,,,,,,,,,
112,7,112/07,3,一卡通,42566741,391384,false,41645984,35067281,34147816,391784,166168,166168,11801239,11801239,1,1,12,12,0,0,28,28,一卡通票證股份有限公司,112 年 07 月,一卡通,42566741,35067281,391384,166168,11801239,1,12,0,28,營運產品群票證營運部,林宏奕,07-7933000#653,鄭貽文,07-7933000#510,000298@i-pass.com.tw,,,,,,,,,,,,,,,,,,,,,
112,6,112/06,3,一卡通,42175357,456546,false,41254200,34842065,33922199,456546,158224,158224,11446257,11446257,1,1,11,11,0,0,28,28,一卡通票證股份有限公司,112 年 06 月,一卡通,42175357,34842065,456546,158224,11446257,1,11,0,28,營運產品群票證營運部,林宏奕,07-7933000#653,鄭貽文,07-7933000#510,000298@i-pass.com.tw,,,,,,,,,,,,,,,,,,,,,
112,5,112/05,3,一卡通,41718811,457571,false,40797654,34543743,33623877,457571,162806,162806,12523545,12523545,6,6,10,10,0,0,28,28,一卡通票證股份有限公司,112 年 05 月,一卡通,41718811,34543743,457571,162806,12523545,6,10,0,28,營運產品群票證營運部,林宏奕,07-7933000#653,鄭貽文,07-7933000#510,000298@i-pass.com.tw,,,,,,,,,,,,,,,,,,,,,
112,4,112/04,3,一卡通,41261240,459786,false,40340083,34248978,33329112,459786,158621,158621,12215619,12215619,0,0,4,4,0,0,28,28,一卡通票證股份有限公司,112 年 04 月,一卡通,41261240,34248978,459786,158621,12215619,0,4,0,28,營運產品群票證營運部,林宏奕,07-7933000#653,鄭貽文,07-7933000#510,000298@i-pass.com.tw,,,,,,,,,,,,,,,,,,,,,
112,3,112/03,3,一卡通,40801454,545349,false,39880297,33947813,33027947,545349,158742,158742,11595953,11595953,2,2,4,4,28,28,28,28,一卡通票證股份有限公司,112 年 03 月,一卡通,40801454,33947813,545349,158742,11595953,2,4,28,28,營運產品群票證營運部,林宏奕,07-7933000#653,鄭貽文,07-7933000#510,000298@i-pass.com.tw,,,,,,,,,,,,,,,,,,,,,
112,2,112/02,3,一卡通,40256105,479842,false,39334948,33561206,32641339,479842,161523,161523,10198805,10198805,0,0,2,2,0,0,0,0,一卡通票證股份有限公司,112 年 02 月,一卡通,40256105,33561206,479842,161523,10198805,0,2,0,0,營運產品群票證營運部,林宏奕,07-7933000#653,鄭貽文,07-7933000#510,000298@i-pass.com.tw,,,,,,,,,,,,,,,,,,,,,
112,1,112/01,3,一卡通,39776263,491906,false,38855106,33242887,32323020,491906,125719,125719,9291954,9291954,2,2,2,2,0,0,0,0,一卡通票證股份有限公司,112 年 01 月,一卡通,39776263,33242887,491906,125719,9291954,2,2,0,0,營運產品群票證營運部,林宏奕,07-7933000#653,鄭貽文,07-7933000#510,000298@i-pass.com.tw,,,,,,,,,,,,,,,,,,,,,
111,12,111/12,3,一卡通,39284357,409274,false,38363200,32876700,31956833,405873,146530,146530,8626837,8626837,0,0,21,21,0,0,0,0,一卡通票證股份有限公司,111 年 12 月,一卡通,39284357,32876700,409274,146530,8626837,0,21,0,0,營運產品群票證營運部,林宏奕,07-7933000#653,鄭貽文,07-7933000#510,000298@i-pass.com.tw,,,,,,,,,,,,,,,,,,,,,
111,11,111/11,3,一卡通,38875083,466086,false,37957327,32613956,31697490,464436,132204,132204,8431863,8431863,6,6,21,21,0,0,0,0,一卡通票證股份有限公司,111 年 11 月,一卡通,38875083,32613956,466086,132204,8431863,6,21,0,0,營運產品群票證營運部,林宏奕,07-7933000#653,鄭貽文,07-7933000#510,000298@i-pass.com.tw,,,,,,,,,,,,,,,,,,,,,
111,10,111/10,3,一卡通,38408997,453723,false,37492891,32280074,31365258,453723,127979,127979,8234656,8234656,0,0,15,15,0,0,0,0,一卡通票證股份有限公司,111 年 10 月,一卡通,38408997,32280074,453723,127979,8234656,0,15,0,0,營運產品群票證營運部,林宏奕,07-7933000#653,鄭貽文,07-7933000#510,000298@i-pass.com.tw,,,,,,,,,,,,,,,,,,,,,
111,9,111/09,3,一卡通,37955274,484028,false,37039168,31954330,31039514,484028,126288,126288,8216878,8216878,4,4,15,15,0,0,0,0,一卡通票證股份有限公司,111 年 09 月,一卡通,37955274,31954330,484028,126288,8216878,4,15,0,0,營運產品群票證營運部,林宏奕,07-7933000#653,鄭貽文,07-7933000#510,000298@i-pass.com.tw,,,,,,,,,,,,,,,,,,,,,
111,8,111/08,3,一卡通,37471246,575387,false,36555140,31596590,30681774,575387,121609,121609,8007402,8007402,2,2,11,11,0,0,0,0,一卡通票證股份有限公司,111 年 08 月,一卡通,37471246,31596590,575387,121609,8007402,2,11,0,0,營運產品群票證營運部,林宏奕,07-7933000#653,鄭貽文,07-7933000#510,000298@i-pass.com.tw,,,,,,,,,,,,,,,,,,,,,
111,7,111/07,3,一卡通,36895859,554211,false,35979753,31142812,30227996,554211,23735,23735,7990503,7990503,3,3,9,9,0,0,0,0,一卡通票證股份有限公司,111 年 07 月,一卡通,36895859,31142812,554211,23735,7990503,3,9,0,0,營運產品群票證營運部,林宏奕,07-7933000#653,鄭貽文,07-7933000#510,000298@i-pass.com.tw,,,,,,,,,,,,,,,,,,,,,
111,6,111/06,3,一卡通,36341648,455473,false,35425542,30612336,29697520,455473,221474,221474,8148316,8148316,1,1,6,6,0,0,0,0,一卡通票證股份有限公司,111 年 06 月,一卡通,36341648,30612336,455473,221474,8148316,1,6,0,0,營運產品群票證營運部,林宏奕,07-7933000#653,鄭貽文,07-7933000#510,000298@i-pass.com.tw,,,,,,,,,,,,,,,,,,,,,
111,5,111/05,3,一卡通,35886175,335733,false,34970069,30378337,29463521,335733,114117,114117,6703676,6703676,0,0,5,5,0,0,0,0,一卡通票證股份有限公司,111 年 05 月,一卡通,35886175,30378337,335733,114117,6703676,0,5,0,0,營運產品群票證營運部,林宏奕,07-7933000#653,鄭貽文,07-7933000#510,000298@i-pass.com.tw,,,,,,,,,,,,,,,,,,,,,
111,4,111/04,3,一卡通,35550442,417281,false,34634336,30156721,29241905,417281,99288,99288,8114123,8114123,0,0,5,5,0,0,0,0,一卡通票證股份有限公司,111 年 04 月,一卡通,35550442,30156721,417281,99288,8114123,0,5,0,0,營運產品群票證營運部,林宏奕,07-7933000#653,鄭貽文,07-7933000#510,000298@i-pass.com.tw,,,,,,,,,,,,,,,,,,,,,
111,3,111/03,3,一卡通,35133161,488766,false,34217055,29838728,28923912,488766,126271,126271,7536714,7536714,1,1,5,5,0,0,0,0,一卡通票證股份有限公司,111 年 03 月,一卡通,35133161,29838728,488766,126271,7536714,1,5,0,0,營運產品群票證營運部,林宏奕,07-7933000#653,鄭貽文,07-7933000#510,000298@i-pass.com.tw,,,,,,,,,,,,,,,,,,,,,
111,2,111/02,3,一卡通,34644395,398649,false,33728289,29476233,28561417,398649,103985,103985,6914464,6914464,1,1,4,4,0,0,0,0,一卡通票證股份有限公司,111 年 02 月,一卡通,34644395,29476233,398649,103985,6914464,1,4,0,0,營運產品群票證營運部,林宏奕,07-7933000#653,鄭貽文,07-7933000#510,000298@i-pass.com.tw,,,,,,,,,,,,,,,,,,,,,
111,1,111/01,3,一卡通,34245746,389717,false,33329640,29181569,28266753,389717,112270,112270,6346824,6346824,3,3,3,3,0,0,0,0,一卡通票證股份有限公司,111 年 01 月,一卡通,34245746,29181569,389717,112270,6346824,3,3,0,0,營運產品群票證營運部,林宏奕,07-7933000#653,鄭貽文,07-7933000#510,000298@i-pass.com.tw,,,,,,,,,,,,,,,,,,,,,
110,12,110/12,3,一卡通,33856029,412844,false,32939923,28904122,27989306,412544,101299,101299,5482404,5482404,1,1,29,25,0,0,0,0,一卡通票證股份有限公司,110 年 12 月,一卡通,33856029,28904122,412844,101299,5482404,1,29,0,0,營運產品群票證營運部,林宏奕,07-7933000#653,鄭貽文,07-7933000#510,000298@i-pass.com.tw,,,,,,,,,,,,,,,,,,,,,
110,11,110/11,3,一卡通,33443185,425087,false,32527379,28592577,27678061,424197,102365,102365,6197366,6197366,0,0,28,24,0,0,0,0,一卡通票證股份有限公司,110 年 11 月,一卡通,33443185,28592577,425087,102365,6197366,0,28,0,0,營運產品群票證營運部,林宏奕,07-7933000#653,鄭貽文,07-7933000#510,000298@i-pass.com.tw,,,,,,,,,,,,,,,,,,,,,
110,10,110/10,3,一卡通,33018098,454279,false,32103182,28269855,27356229,454279,87910,87910,5082914,5082914,0,0,28,24,0,0,0,0,一卡通票證股份有限公司,110 年 10 月,一卡通,33018098,28269855,454279,87910,5082914,0,28,0,0,營運產品群票證營運部,林宏奕,07-7933000#653,鄭貽文,07-7933000#510,000298@i-pass.com.tw,,,,,,,,,,,,,,,,,,,,,
110,9,110/09,3,一卡通,32563819,453316,false,31648903,27903486,26989860,453316,81986,81986,4990377,4990377,2,2,28,24,0,0,0,0,一卡通票證股份有限公司,110 年 09 月,一卡通,32563819,27903486,453316,81986,4990377,2,28,0,0,營運產品群票證營運部,林宏奕,07-7933000#653,鄭貽文,07-7933000#510,000298@i-pass.com.tw,,,,,,,,,,,,,,,,,,,,,
110,8,110/08,3,一卡通,32110503,401487,false,31195587,27532156,26618530,401487,83706,83706,5123999,5123999,4,0,26,22,0,0,0,0,一卡通票證股份有限公司,110 年 08 月,一卡通,32110503,27532156,401487,83706,5123999,4,26,0,0,營運產品群票證營運部,林宏奕,07-7933000#653,鄭貽文,07-7933000#510,000298@i-pass.com.tw,,,,,,,,,,,,,,,,,,,,,
110,7,110/07,3,一卡通,31709016,374024,false,30794100,27214375,26300749,374024,100563,100563,5827507,5827507,2,2,22,22,0,0,0,0,一卡通票證股份有限公司,110 年 07 月,一卡通,31709016,27214375,374024,100563,5827507,2,22,0,0,營運產品群票證營運部,林宏奕,07-7933000#653,鄭貽文,07-7933000#510,000298@i-pass.com.tw,,,,,,,,,,,,,,,,,,,,,
110,6,110/06,3,一卡通,31334992,287098,false,30420076,26940914,26027288,287098,68253,68253,4027092,4027092,5,5,20,20,0,0,0,0,一卡通票證股份有限公司,110 年 06 月,一卡通,31334992,26940914,287098,68253,4027092,5,20,0,0,營運產品群票證營運部,林宏奕,07-7933000#653,鄭貽文,07-7933000#510,000298@i-pass.com.tw,266732392,266732392,201779,201779,374578,374578,258782876,258782876,652906,652902,6947423,6947415,1674157846,1674157846,266732392,201779,374578,258782876,652906,6947423,1674157846
110,5,110/05,3,一卡通,31047894,323052,false,30132978,26722069,25808443,323052,76306,76306,5142486,5142486,2,2,15,15,0,0,0,0,一卡通票證股份有限公司,110 年 05 月,一卡通,31047894,26722069,323052,76306,5142486,2,15,0,0,營運產品群票證營運部,林宏奕,07-7933000#653,鄭貽文,07-7933000#510,000298@i-pass.com.tw,504136686,504136686,651289,651289,1156622,1156622,491730857,491730857,1536244,1536237,19390643,19390611,1670235422,1670235422,504136686,651289,1156622,491730857,1536244,19390643,1670235422
110,4,110/04,3,一卡通,30724842,319199,false,29809926,26475323,25561697,319199,88454,88454,6560570,6560570,2,2,13,13,0,0,0,0,一卡通票證股份有限公司,110 年 04 月,一卡通,30724842,26475323,319199,88454,6560570,2,13,0,0,營運產品群票證營運部,林宏奕,07-7933000#653,鄭貽文,07-7933000#510,000298@i-pass.com.tw,657965908,657965908,971252,971252,2007980,2007980,643186891,643186891,2002611,2002608,31847499,31847425,1662972079,1662972079,657965908,971252,2007980,643186891,2002611,31847499,1662972079
110,3,110/03,3,一卡通,30405643,346452,false,29490727,26244578,25330952,346452,97626,97626,5492659,5492659,7,7,11,11,0,0,0,0,一卡通票證股份有限公司,110 年 03 月,一卡通,30405643,26244578,346452,97626,5492659,7,11,0,0,營運產品群票證營運部,林宏奕,07-7933000#653,鄭貽文,07-7933000#510,000298@i-pass.com.tw,675467459,675467459,928007,928007,1989690,1989690,656447567,656447567,1956548,1956544,33278770,33278697,1654753632,1654753632,675467459,928007,1989690,656447567,1956548,33278770,1654753632
110,2,110/02,3,一卡通,30059191,223032,false,29144275,25995752,25082126,223032,92744,92744,5808645,5808645,3,3,4,4,0,0,0,0,一卡通票證股份有限公司,110 年 02 月,一卡通,30059191,25995752,223032,92744,5808645,3,4,0,0,營運產品群票證營運部,林宏奕,07-7933000#653,鄭貽文,07-7933000#510,000298@i-pass.com.tw,566543682,566543682,956225,956225,1768579,1768579,534745069,534745069,1964138,1964134,25311614,25311563,1641226399,1641226399,566543682,956225,1768579,534745069,1964138,25311614,1641226399
110,1,110/01,3,一卡通,29836159,341535,false,28921243,25865464,24951838,341535,108545,108545,6848927,6848927,1,1,1,1,0,0,0,0,一卡通票證股份有限公司,110 年 01 月,一卡通,29836159,25865464,341535,108545,6848927,1,1,0,0,營運產品群票證營運部,林宏奕,07-7933000#653,鄭貽文,07-7933000#510,000298@i-pass.com.tw,653853366,653853366,941353,941353,1931861,1931861,641126753,641126753,1964351,1964344,30374366,30374334,1615236431,1615236431,653853366,941353,1931861,641126753,1964351,30374366,1615236431
109,12,109/12,3,一卡通,29283581,333718,false,28368665,25419528,24505901,333718,104922,104922,7088139,7088139,4,4,38,8,0,0,16,0,一卡通票證股份有限公司,109 年 12 月,一卡通,29283581,25419528,333718,104922,7088139,4,38,0,16,營運產品群票證營運部,林宏奕,07-7933000#653,鄭貽文,07-7933000#510,000298@i-pass.com.tw,713412635,713412635,1007310,1007310,2166378,2166378,698999953,698999953,2059183,2059164,35035669,35035623,1609358745,1609358745,713412635,1007310,2166378,698999953,2059183,35035669,1609358745
109,11,109/11,3,一卡通,28949863,271356,false,28034947,25182841,24267946,271356,82318,82318,5044560,5044560,2,2,34,4,0,0,16,0,一卡通票證股份有限公司,109 年 11 月,一卡通,28949863,25182841,271356,82318,5044560,2,34,0,16,營運產品群票證營運部,林宏奕,07-7933000#653,鄭貽文,07-7933000#510,000298@i-pass.com.tw,684121838,684121838,952756,952756,1999197,1999197,664498022,664498022,2009871,2009871,33023778,33023771,1603377581,1603377581,684121838,952756,1999197,664498022,2009871,33023778,1603377581
109,10,109/10,3,一卡通,28052010,283297,false,27139394,24326845,23414250,283297,76660,76660,4875513,4875513,1,1,32,2,0,0,16,0,一卡通票證股份有限公司,109 年 10 月,一卡通,28052010,24326845,283297,76660,4875513,1,32,0,16,營運產品群票證營運部,林宏奕,07-7933000#653,鄭貽文,07-7933000#510,000298@i-pass.com.tw,717276510,717276510,1013444,1013444,2093272,2093272,691012615,691012615,2083150,2083150,33196926,33196926,1589067728,1589067728,717276510,1013444,2093272,691012615,2083150,33196926,1589067728
109,9,109/09,3,一卡通,27768713,440016,false,26857977,24120208,23209493,440016,77760,77760,4871529,4871529,1,1,31,1,0,0,16,0,一卡通票證股份有限公司,109 年 09 月,一卡通,27768713,24120208,440016,77760,4871529,1,31,0,16,營運產品群票證營運部,林宏奕,07-7933000#653,鄭貽文,07-7933000#510,000298@i-pass.com.tw,675606586,675606586,921226,921226,1907281,1907281,656170517,656170517,1948458,1948458,32341504,32341485,1567679346,1567679346,675606586,921226,1907281,656170517,1948458,32341504,1567679346
109,8,109/08,3,一卡通,27328697,317044,false,,23757952,,,75193,,4961987,,3,,30,0,0,,16,0,一卡通票證股份有限公司,109 年 08 月,一卡通,27328697,23757952,317044,75193,4961987,3,30,0,16,營運產品群票證營運部,林宏奕,07-7933000#653,鄭貽文,07-7933000#510,000298@i-pass.com.tw,696369921,,982249,,2046175,,674547369,,2024504,,30768135,,1553114806,,696369921,982249,2046175,674547369,2024504,30768135,1553114806
109,7,109/07,3,一卡通,27011653,346021,false,,23516101,,,81035,,4820676,,10,,27,0,16,,16,0,一卡通票證股份有限公司,109 年 07 月,一卡通,27011653,23516101,346021,81035,4820676,10,27,16,16,營運產品群票證營運部,林宏奕,07-7933000#653,鄭貽文,07-7933000#510,000298@i-pass.com.tw,698928724,,960296,,2014297,,675901343,,1997106,,31307741,,1536254241,,698928724,960296,2014297,675901343,1997106,31307741,1536254241
109,6,109/06,3,一卡通,26665632,268329,false,,23251115,,,56684,,3946474,,4,,17,0,0,,0,0,一卡通票證股份有限公司,109 年 06 月,一卡通,26665632,23251115,268329,56684,3946474,4,17,0,0,營運產品群票證營運部,林宏奕,07-7933000#653,鄭貽文,07-7933000#510,000298@i-pass.com.tw,658407681,,907373,,1876977,,641444473,,1876996,,29910717,,1518047536,,658407681,907373,1876977,641444473,1876996,29910717,1518047536
109,5,109/05,3,一卡通,26397303,229490,false,,23039470,,,86443,,4030106,,5,,13,0,0,,0,0,一卡通票證股份有限公司,109 年 05 月,一卡通,26397303,23039470,229490,86443,4030106,5,13,0,0,營運產品群票證營運部,林宏奕,07-7933000#653,鄭貽文,07-7933000#510,000298@i-pass.com.tw,637797475,,785612,,1730137,,632373396,,1725878,,28794534,,1505030802,,637797475,785612,1730137,632373396,1725878,28794534,1505030802
109,4,109/04,3,一卡通,26167813,233951,false,,22896423,,,77127,,3653474,,3,,8,0,0,,0,0,一卡通票證股份有限公司,109 年 04 月,一卡通,26167813,22896423,233951,77127,3653474,3,8,0,0,營運產品群票證營運部,林宏奕,07-7933000#653,鄭貽文,07-7933000#510,000298@i-pass.com.tw,578914549,,682074,,1470753,,571630303,,1543266,,25585304,,1503636829,,578914549,682074,1470753,571630303,1543266,25585304,1503636829
109,3,109/03,3,一卡通,25933862,285901,false,,22739599,,,82474,,4449807,,0,,5,0,0,,0,0,一卡通票證股份有限公司,109 年 03 月,一卡通,25933862,22739599,285901,82474,4449807,0,5,0,0,營運產品群票證營運部,林宏奕,07-7933000#653,鄭貽文,07-7933000#510,000298@i-pass.com.tw,668792786,,773328,,1742228,,662130478,,1709264,,29740155,,1500006057,,668792786,773328,1742228,662130478,1709264,29740155,1500006057
109,2,109/02,3,一卡通,25647961,370187,false,,22536172,,,81132,,6611706,,1,,5,0,0,,0,0,一卡通票證股份有限公司,109 年 02 月,一卡通,25647961,22536172,370187,81132,6611706,1,5,0,0,營運產品群票證營運部,林宏奕,07-7933000#653,鄭貽文,07-7933000#510,000298@i-pass.com.tw,635423549,,893359,,1857217,,611349369,,1879898,,26102443,,1497793556,,635423549,893359,1857217,611349369,1879898,26102443,1497793556
109,1,109/01,3,一卡通,25277774,326714,false,,22247117,,,79464,,7339820,,4,,4,0,0,,0,0,一卡通票證股份有限公司,109 年 01 月,一卡通,25277774,22247117,326714,79464,7339820,4,4,0,0,營運產品群票證營運部,林宏奕,07-7933000#653,鄭貽文,07-7933000#510,000298@i-pass.com.tw,750275403,,1159214,,2265828,,723605722,,2314151,,32636412,,1480331082,,750275403,1159214,2265828,723605722,2314151,32636412,1480331082
108,12,108/12,3,一卡通,24951060,377511,false,,21999867,,,213331,,6139392,,1,,3,0,0,,9298,0,一卡通票證股份有限公司,108 年 12 月,一卡通,24951060,21999867,377511,213331,6139392,1,3,0,9298,營運產品群票證營運部,林宏奕,07-7933000#653,鄭貽文,07-7933000#510,000298@i-pass.com.tw,806172078,,1183532,,2527225,,777822409,,2310198,,37909969,,1461001221,,806172078,1183532,2527225,777822409,2310198,37909969,1461001221
108,11,108/11,3,一卡通,24573549,418653,false,,21835687,,,75187,,4807980,,1,,2,0,3253,,9298,0,一卡通票證股份有限公司,108 年 11 月,一卡通,24573549,21835687,418653,75187,4807980,1,2,3253,9298,營運產品群票證營運部,林宏奕,07-7933000#653,鄭貽文,07-7933000#510,000298@i-pass.com.tw,750595847,,1085487,,2307531,,730566237,,2216519,,36570707,,1438790944,,750595847,1085487,2307531,730566237,2216519,36570707,1438790944
108,10,108/10,3,一卡通,24154896,499587,false,,21492221,,,84431,,4314081,,0,,1,0,0,,6045,0,一卡通票證股份有限公司,108 年 10 月,一卡通,24154896,21492221,499587,84431,4314081,0,1,0,6045,營運產品群票證營運部,林宏奕,07-7933000#653,鄭貽文,07-7933000#510,000298@i-pass.com.tw,790250752,,1110317,,2318267,,764351500,,2261949,,37711845,,1423569314,,790250752,1110317,2318267,764351500,2261949,37711845,1423569314
108,9,108/09,3,一卡通,23655309,331062,false,,21077065,,,52033,,4365385,,0,,1,0,0,,6045,0,一卡通票證股份有限公司,108 年 09 月,一卡通,23655309,21077065,331062,52033,4365385,0,1,0,6045,營運產品群票證營運部,林宏奕,07-7933000#653,鄭貽文,07-7933000#510,000298@i-pass.com.tw,787279283,,1068158,,2191928,,736960310,,2187091,,34528809,,1401984143,,787279283,1068158,2191928,736960310,2187091,34528809,1401984143
108,8,108/08,3,一卡通,23324247,448672,false,,20798036,,,71059,,3727254,,0,,1,0,0,,6045,0,一卡通票證股份有限公司,108 年 08 月,一卡通,23324247,20798036,448672,71059,3727254,0,1,0,6045,營運產品群票證營運部,林宏奕,07-7933000#653,鄭貽文,07-7933000#510,000298@i-pass.com.tw,776179523,,1097113,,2218120,,761027337,,2189308,,33055507,,1356030555,,776179523,1097113,2218120,761027337,2189308,33055507,1356030555
108,7,108/07,3,一卡通,22875575,537520,false,,20420423,,,69087,,4369157,,0,,1,0,0,,6045,0,一卡通票證股份有限公司,108 年 07 月,一卡通,22875575,20420423,537520,69087,4369157,0,1,0,6045,營運產品群票證營運部,林宏奕,07-7933000#653,鄭貽文,07-7933000#510,000298@i-pass.com.tw,797515723,,1084046,,2245859,,771971302,,2202039,,33965412,,1344605623,,797515723,1084046,2245859,771971302,2202039,33965412,1344605623
108,6,108/06,3,一卡通,22338055,1075541,false,,19951990,,,72819,,4193183,,0,,1,0,0,,6045,0,一卡通票證股份有限公司,108 年 06 月,一卡通,22338055,19951990,1075541,72819,4193183,0,1,0,6045,營運產品群票證營運部,林宏奕,07-7933000#653,鄭貽文,07-7933000#510,000298@i-pass.com.tw,785665076,,1080442,,2207723,,758688299,,2216819,,31681645,,1323430359,,785665076,1080442,2207723,758688299,2216819,31681645,1323430359
108,5,108/05,3,一卡通,21262514,351202,false,,18949268,,,68473,,4073006,,0,,1,0,0,,6045,0,一卡通票證股份有限公司,108 年 05 月,一卡通,21262514,18949268,351202,68473,4073006,0,1,0,6045,營運產品群票證營運部,林宏奕,07-7933000#653,鄭貽文,07-7933000#510,000298@i-pass.com.tw,811701538,,1060638,,2235673,,805009222,,2162743,,34362828,,1300646765,,811701538,1060638,2235673,805009222,2162743,34362828,1300646765
108,4,108/04,3,一卡通,20911312,367838,false,,18666539,,,71947,,3448718,,0,,1,0,0,,6045,0,一卡通票證股份有限公司,108 年 04 月,一卡通,20911312,18666539,367838,71947,3448718,0,1,0,6045,營運產品群票證營運部,林宏奕,07-7933000#653,鄭貽文,07-7933000#510,000298@i-pass.com.tw,819211145,,1315921,,2427130,,777428525,,2184696,,32566498,,1298027455,,819211145,1315921,2427130,777428525,2184696,32566498,1298027455
108,3,108/03,3,一卡通,20543474,324048,false,,18370648,,,53085,,3487073,,1,,1,0,6045,,6045,0,一卡通票證股份有限公司,108 年 03 月,一卡通,20543474,18370648,324048,53085,3487073,1,1,6045,6045,營運產品群票證營運部,林宏奕,07-7933000#653,鄭貽文,07-7933000#510,000298@i-pass.com.tw,827375960,,1424768,,2574569,,790752710,,2220127,,33573985,,1259693553,,827375960,1424768,2574569,790752710,2220127,33573985,1259693553
108,2,108/02,3,一卡通,20219426,326172,false,,18099685,,,54761,,3780883,,0,,0,0,0,,0,0,一卡通票證股份有限公司,108 年 02 月,一卡通,20219426,18099685,326172,54761,3780883,0,0,0,0,營運產品群票證營運部,林宏奕,07-7933000#653,鄭貽文,07-7933000#510,000298@i-pass.com.tw,727127368,,1154263,,2077019,,679152239,,2302206,,28321956,,1226557376,,727127368,1154263,2077019,679152239,2302206,28321956,1226557376
108,1,108/01,3,一卡通,19893254,352363,false,,17828274,,,80229,,3342067,,0,,0,0,0,,0,0,一卡通票證股份有限公司,108 年 01 月,一卡通,19893254,17828274,352363,80229,3342067,0,0,0,0,營運產品群票證營運部,林宏奕,07-7933000#653,鄭貽文,07-7933000#510,000298@i-pass.com.tw,791444400,,1094486,,2233876,,771618837,,2232434,,32506207,,1182363130,,791444400,1094486,2233876,771618837,2232434,32506207,1182363130
107,12,107/12,3,一卡通,19540891,313700,false,,17556140,,,62321,,3135342,,0,,0,0,0,,0,0,一卡通票證股份有限公司,107 年 12 月,一卡通,19540891,17556140,313700,62321,3135342,0,0,0,0,營運產品群票證營運部,林宏奕,07-7933000#653,鄭貽文,07-7933000#510,000298@i-pass.com.tw,838740306,,1167436,,2433783,,809978680,,2313592,,35148463,,1165879634,,838740306,1167436,2433783,809978680,2313592,35148463,1165879634
107,11,107/11,3,一卡通,19227191,607271,false,,17304761,,,53310,,3416131,,0,,0,0,0,,0,0,一卡通票證股份有限公司,107 年 11 月,一卡通,19227191,17304761,607271,53310,3416131,0,0,0,0,營運產品群票證營運部,林宏奕,07-7933000#653,鄭貽文,07-7933000#510,000298@i-pass.com.tw,783500257,,1055019,,2194378,,765599853,,2166959,,33508756,,1140253350,,783500257,1055019,2194378,765599853,2166959,33508756,1140253350
107,10,107/10,3,一卡通,18619920,389629,false,,16750800,,,56669,,4108978,,0,,0,0,0,,0,0,一卡通票證股份有限公司,107 年 10 月,一卡通,18619920,16750800,389629,56669,4108978,0,0,0,0,營運產品群票證營運部,林宏奕,07-7933000#653,鄭貽文,07-7933000#510,000298@i-pass.com.tw,812410994,,1062735,,2244673,,782416813,,2163407,,34236280,,1125769077,,812410994,1062735,2244673,782416813,2163407,34236280,1125769077
107,9,107/09,3,一卡通,18230291,382456,false,,16417840,,,56240,,4372643,,0,,0,0,0,,0,0,一卡通票證股份有限公司,107 年 09 月,一卡通,18230291,16417840,382456,56240,4372643,0,0,0,0,營運產品群票證營運部,林宏奕,07-7933000#653,鄭貽文,07-7933000#510,000298@i-pass.com.tw,759468836,,1028738,,2118306,,727269040,,2091970,,31179626,,1099883874,,759468836,1028738,2118306,727269040,2091970,31179626,1099883874
107,8,107/08,3,一卡通,17847835,373028,false,,16091624,,,63694,,3451226,,0,,0,0,0,,0,0,一卡通票證股份有限公司,107 年 08 月,一卡通,17847835,16091624,373028,63694,3451226,0,0,0,0,營運產品群票證營運部,林宏奕,07-7933000#653,鄭貽文,07-7933000#510,000298@i-pass.com.tw,778259078,,1027581,,2139675,,752898228,,2076995,,30059579,,1072056721,,778259078,1027581,2139675,752898228,2076995,30059579,1072056721
107,7,107/07,3,一卡通,17474807,328383,false,,15782290,,,41503,,2699313,,0,,0,0,0,,0,0,一卡通票證股份有限公司,107 年 07 月,一卡通,17474807,15782290,328383,41503,2699313,0,0,0,0,營運產品群票證營運部,林宏奕,07-7933000#653,鄭貽文,07-7933000#510,000298@i-pass.com.tw,763496632,,1039306,,2182314,,737389434,,2093480,,30415295,,1050147097,,763496632,1039306,2182314,737389434,2093480,30415295,1050147097
107,6,107/06,3,一卡通,17146424,271245,false,,15495410,,,49858,,2696972,,0,,0,0,0,,0,0,一卡通票證股份有限公司,107 年 06 月,一卡通,17146424,15495410,271245,49858,2696972,0,0,0,0,營運產品群票證營運部,林宏奕,07-7933000#653,鄭貽文,07-7933000#510,000298@i-pass.com.tw,719962435,,1003727,,2119694,,699961137,,2028805,,30331703,,1026739212,,719962435,1003727,2119694,699961137,2028805,30331703,1026739212
107,5,107/05,3,一卡通,16875179,573427,false,,15274023,,,110470,,2553802,,0,,0,0,0,,0,0,一卡通票證股份有限公司,107 年 05 月,一卡通,16875179,15274023,573427,110470,2553802,0,0,0,0,營運產品群票證營運部,林宏奕,07-7933000#653,鄭貽文,07-7933000#510,000298@i-pass.com.tw,754464255,,1005861,,2196544,,753224036,,2006406,,33049387,,1009434886,,754464255,1005861,2196544,753224036,2006406,33049387,1009434886
107,4,107/04,3,一卡通,16301752,590319,false,,14811066,,,38229,,2554613,,0,,0,0,0,,0,0,一卡通票證股份有限公司,107 年 04 月,一卡通,16301752,14811066,590319,38229,2554613,0,0,0,0,營運產品群票證營運部,林宏奕,07-7933000#653,鄭貽文,07-7933000#510,000298@i-pass.com.tw,741488382,,1055506,,2230969,,708479419,,2084724,,31614865,,1010748469,,741488382,1055506,2230969,708479419,2084724,31614865,1010748469
107,3,107/03,3,一卡通,15711433,397880,false,,14258976,,,32527,,2530909,,0,,0,0,0,,0,0,一卡通票證股份有限公司,107 年 03 月,一卡通,15711433,14258976,397880,32527,2530909,0,0,0,0,營運產品群票證營運部,林宏奕,07-7933000#653,鄭貽文,07-7933000#510,000298@i-pass.com.tw,751610701,,1019508,,2270418,,734267557,,2027295,,34195051,,980294119,,751610701,1019508,2270418,734267557,2027295,34195051,980294119
107,2,107/02,3,一卡通,15313553,217679,false,,13893623,,,24860,,2264900,,0,,0,0,0,,0,0,一卡通票證股份有限公司,107 年 02 月,一卡通,15313553,13893623,217679,24860,2264900,0,0,0,0,營運產品群票證營運部,林宏奕,07-7933000#653,鄭貽文,07-7933000#510,000298@i-pass.com.tw,635028299,,1029461,,1927216,,589676817,,2101461,,27096536,,965481884,,635028299,1029461,1927216,589676817,2101461,27096536,965481884
107,1,107/01,3,一卡通,15095874,245370,false,,13700804,,,26506,,2528038,,0,,0,0,0,,0,0,一卡通票證股份有限公司,107 年 01 月,一卡通,15095874,13700804,245370,26506,2528038,0,0,0,0,營運產品群票證營運部,林宏奕,07-7933000#653,鄭貽文,07-7933000#510,000298@i-pass.com.tw,669532447,,953935,,2001666,,650525409,,2020562,,33047146,,922395302,,669532447,953935,2001666,650525409,2020562,33047146,922395302
106,12,106/12,3,一卡通,14850504,189349,false,,13481940,,,34835,,2421584,,0,,0,0,0,,0,0,一卡通票證股份有限公司,106 年 12 月,一卡通,14850504,13481940,189349,34835,2421584,0,0,0,0,營運產品群票證營運部,林宏奕,07-7933000#653,鄭貽文,07-7933000#510,000298@i-pass.com.tw,689323753,,1052525,,2225841,,658642694,,2070928,,35088504,,905916302,,689323753,1052525,2225841,658642694,2070928,35088504,905916302
106,11,106/11,3,一卡通,14661155,320137,false,,13327426,,,34460,,2036059,,0,,0,0,0,,0,0,一卡通票證股份有限公司,106 年 11 月,一卡通,14661155,13327426,320137,34460,2036059,0,0,0,0,營運產品群票證營運部,林宏奕,07-7933000#653,鄭貽文,07-7933000#510,000298@i-pass.com.tw,672820081,,968662,,2146151,,656487603,,1861726,,31351945,,877656827,,672820081,968662,2146151,656487603,1861726,31351945,877656827
106,10,106/10,3,一卡通,14341018,356592,false,,13041749,,,30388,,1908850,,0,,0,0,0,,0,0,一卡通票證股份有限公司,106 年 10 月,一卡通,14341018,13041749,356592,30388,1908850,0,0,0,0,營運產品群票證營運部,林宏奕,07-7933000#653,鄭貽文,07-7933000#510,000298@i-pass.com.tw,699211226,,1000277,,2231665,,669921461,,1923010,,30966863,,863360408,,699211226,1000277,2231665,669921461,1923010,30966863,863360408
106,9,106/09,3,一卡通,13984426,295132,false,,12715545,,,30788,,1761264,,0,,0,0,0,,0,0,一卡通票證股份有限公司,106 年 09 月,一卡通,13984426,12715545,295132,30788,1761264,0,0,0,0,營運產品群票證營運部,林宏奕,07-7933000#653,鄭貽文,07-7933000#510,000298@i-pass.com.tw,672663048,,932316,,2095223,,646452396,,1792769,,29866014,,835979493,,672663048,932316,2095223,646452396,1792769,29866014,835979493
106,8,106/08,3,一卡通,13689294,216160,false,,12451201,,,25176,,1689871,,0,,0,0,0,,0,0,一卡通票證股份有限公司,106 年 08 月,一卡通,13689294,12451201,216160,25176,1689871,0,0,0,0,營運產品群票證營運部,林宏奕,07-7933000#653,鄭貽文,07-7933000#510,000298@i-pass.com.tw,677413283,,991642,,2220756,,647946833,,1825469,,28270825,,811530105,,677413283,991642,2220756,647946833,1825469,28270825,811530105
106,7,106/07,3,一卡通,13473134,249314,false,,12260217,,,24371,,1527076,,0,,0,0,0,,0,0,一卡通票證股份有限公司,106 年 07 月,一卡通,13473134,12260217,249314,24371,1527076,0,0,0,0,營運產品群票證營運部,林宏奕,07-7933000#653,鄭貽文,07-7933000#510,000298@i-pass.com.tw,640412925,,936114,,2057297,,614796419,,1766593,,26075062,,783753526,,640412925,936114,2057297,614796419,1766593,26075062,783753526
106,6,106/06,3,一卡通,13223820,277213,false,,12035274,,,20565,,1298262,,0,,0,0,0,,0,0,一卡通票證股份有限公司,106 年 06 月,一卡通,13223820,12035274,277213,20565,1298262,0,0,0,0,營運產品群票證營運部,林宏奕,07-7933000#653,鄭貽文,07-7933000#510,000298@i-pass.com.tw,596197676,,878679,,1979091,,583303435,,1691556,,27363886,,759664096,,596197676,878679,1979091,583303435,1691556,27363886,759664096
106,5,106/05,3,一卡通,12946607,318808,false,,11778626,,,20820,,1252688,,0,,0,0,0,,0,0,一卡通票證股份有限公司,106 年 05 月,一卡通,12946607,11778626,318808,20820,1252688,0,0,0,0,營運產品群票證營運部,林宏奕,07-7933000#653,鄭貽文,07-7933000#510,000298@i-pass.com.tw,627996324,,952429,,2144071,,611188535,,1745450,,28509114,,748068117,,627996324,952429,2144071,611188535,1745450,28509114,748068117
106,4,106/04,3,一卡通,12627799,219261,false,,11480638,,,147578,,1317126,,0,,0,0,0,,0,0,一卡通票證股份有限公司,106 年 04 月,一卡通,12627799,11480638,219261,147578,1317126,0,0,0,0,營運產品群票證營運部,林宏奕,07-7933000#653,鄭貽文,07-7933000#510,000298@i-pass.com.tw,581680349,,933945,,2066815,,567688707,,1750550,,27003930,,732513016,,581680349,933945,2066815,567688707,1750550,27003930,732513016
106,3,106/03,3,一卡通,12408538,334007,false,,11284991,,,27701,,1303148,,0,,0,0,0,,0,0,一卡通票證股份有限公司,106 年 03 月,一卡通,12408538,11284991,334007,27701,1303148,0,0,0,0,營運產品群票證營運部,林宏奕,07-7933000#653,鄭貽文,07-7933000#510,000298@i-pass.com.tw,581735865,,894438,,2040622,,569567427,,1695977,,29189494,,719838500,,581735865,894438,2040622,569567427,1695977,29189494,719838500
106,2,106/02,3,一卡通,12074531,324932,false,,10978685,,,25660,,1091146,,0,,0,0,0,,0,0,一卡通票證股份有限公司,106 年 02 月,一卡通,12074531,10978685,324932,25660,1091146,0,0,0,0,營運產品群票證營運部,林宏奕,07-7933000#653,鄭貽文,07-7933000#510,000298@i-pass.com.tw,514609407,,936780,,1887804,,488172258,,1723600,,24323339,,708973210,,514609407,936780,1887804,488172258,1723600,24323339,708973210
106,1,106/01,3,一卡通,11749599,310565,false,,10679413,,,25170,,1239685,,0,,0,0,0,,0,0,一卡通票證股份有限公司,106 年 01 月,一卡通,11749599,10679413,310565,25170,1239685,0,0,0,0,營運產品群票證營運部,林宏奕,07-7933000#653,鄭貽文,07-7933000#510,000298@i-pass.com.tw,532847978,,959139,,1923699,,507554681,,1747250,,24427769,,683627207,,532847978,959139,1923699,507554681,1747250,24427769,683627207
105,12,105/12,3,一卡通,11439034,234834,false,,10394018,,,21058,,1138314,,0,,0,0,0,,0,0,一卡通票證股份有限公司,105 年 12 月,一卡通,11439034,10394018,234834,21058,1138314,0,0,0,0,營運產品群票證營運部,林宏奕,07-7933000#653,鄭貽文,07-7933000#510,000298@i-pass.com.tw,548126154,,911813,,2010123,,539485204,,1649693,,24930080,,659573595,,548126154,911813,2010123,539485204,1649693,24930080,659573595
105,11,105/11,3,一卡通,11204200,260609,false,,10180242,,,18304,,1049932,,0,,0,0,0,,0,0,一卡通票證股份有限公司,105 年 11 月,一卡通,11204200,10180242,260609,18304,1049932,0,0,0,0,營運產品群票證營運部,林宏奕,07-7933000#653,鄭貽文,07-7933000#510,000298@i-pass.com.tw,510952032,,807934,,1760293,,497991086,,1546968,,22838274,,652070959,,510952032,807934,1760293,497991086,1546968,22838274,652070959
105,10,105/10,3,一卡通,10943591,242340,false,,9937937,,,17016,,904278,,0,,0,0,0,,0,0,一卡通票證股份有限公司,105 年 10 月,一卡通,10943591,9937937,242340,17016,904278,0,0,0,0,營運產品群票證營運部,林宏奕,07-7933000#653,鄭貽文,07-7933000#510,000298@i-pass.com.tw,517068014,,843636,,1815678,,507039460,,1586827,,22643494,,640159945,,517068014,843636,1815678,507039460,1586827,22643494,640159945
105,9,105/09,3,一卡通,10701251,302299,false,,9712613,,,17150,,876088,,0,,0,0,0,,0,0,一卡通票證股份有限公司,105 年 09 月,一卡通,10701251,9712613,302299,17150,876088,0,0,0,0,營運產品群票證營運部,林宏奕,07-7933000#653,鄭貽文,07-7933000#510,000298@i-pass.com.tw,460141780,,778445,,1579513,,443594192,,1492065,,20007454,,631035669,,460141780,778445,1579513,443594192,1492065,20007454,631035669
105,8,105/08,3,一卡通,10398952,372985,false,,9427464,,,16385,,1065118,,0,,0,0,0,,0,0,一卡通票證股份有限公司,105 年 08 月,一卡通,10398952,9427464,372985,16385,1065118,0,0,0,0,營運產品群票證營運部,林宏奕,07-7933000#653,鄭貽文,07-7933000#510,000298@i-pass.com.tw,507339387,,840185,,1766830,,484110085,,1554362,,20999493,,615364169,,507339387,840185,1766830,484110085,1554362,20999493,615364169
105,7,105/07,3,一卡通,10025967,340786,false,,9070864,,,12427,,787085,,0,,0,0,0,,0,0,一卡通票證股份有限公司,105 年 07 月,一卡通,10025967,9070864,340786,12427,787085,0,0,0,0,營運產品群票證營運部,林宏奕,07-7933000#653,鄭貽文,07-7933000#510,000298@i-pass.com.tw,454831896,,873276,,1526671,,438122509,,1498906,,18921857,,593199985,,454831896,873276,1526671,438122509,1498906,18921857,593199985
105,6,105/06,3,一卡通,9685181,423207,false,,8742505,,,13256,,773274,,0,,0,0,0,,0,0,一卡通票證股份有限公司,105 年 06 月,一卡通,9685181,8742505,423207,13256,773274,0,0,0,0,營運產品群票證營運部,林宏奕,07-7933000#653,鄭貽文,07-7933000#510,000298@i-pass.com.tw,402435203,,775823,,1466870,,391658275,,1475994,,19676858,,577277683,,402435203,775823,1466870,391658275,1475994,19676858,577277683
105,5,105/05,3,一卡通,9261974,189847,false,,8332554,,,14443,,839729,,0,,0,0,0,,0,0,一卡通票證股份有限公司,105 年 05 月,一卡通,9261974,8332554,189847,14443,839729,0,0,0,0,營運產品群票證營運部,林宏奕,07-7933000#653,鄭貽文,07-7933000#510,000298@i-pass.com.tw,428539009,,809862,,1537784,,407978945,,1457738,,20762789,,567273997,,428539009,809862,1537784,407978945,1457738,20762789,567273997
105,4,105/04,3,一卡通,9072127,205030,false,,8157150,,,13100,,806203,,0,,0,0,0,,0,0,一卡通票證股份有限公司,105 年 04 月,一卡通,9072127,8157150,205030,13100,806203,0,0,0,0,營運產品群票證營運部,林宏奕,07-7933000#653,鄭貽文,07-7933000#510,000298@i-pass.com.tw,376932695,,739827,,1391980,,366500072,,1392221,,18994770,,547553662,,376932695,739827,1391980,366500072,1392221,18994770,547553662
105,3,105/03,3,一卡通,8867097,304678,false,,7965220,,,16261,,886039,,0,,0,0,0,,0,0,一卡通票證股份有限公司,105 年 03 月,一卡通,8867097,7965220,304678,16261,886039,0,0,0,0,營運產品群票證營運部,林宏奕,07-7933000#653,鄭貽文,07-7933000#510,000298@i-pass.com.tw,381361533,,679763,,1341459,,368122557,,1320873,,19683631,,537927242,,381361533,679763,1341459,368122557,1320873,19683631,537927242
105,2,105/02,3,一卡通,8562419,333617,false,,7676803,,,13428,,744414,,0,,0,0,0,,0,0,一卡通票證股份有限公司,105 年 02 月,一卡通,8562419,7676803,333617,13428,744414,0,0,0,0,營運產品群票證營運部,林宏奕,07-7933000#653,鄭貽文,07-7933000#510,000298@i-pass.com.tw,352088328,,757728,,1247897,,320906436,,1410555,,15159976,,525574305,,352088328,757728,1247897,320906436,1410555,15159976,525574305
105,1,105/01,3,一卡通,8228802,180831,false,,7356614,,,15791,,946685,,0,,0,0,0,,0,0,一卡通票證股份有限公司,105 年 01 月,一卡通,8228802,7356614,180831,15791,946685,0,0,0,0,營運產品群票證營運部,林宏奕,07-7933000#653,鄭貽文,07-7933000#510,000298@i-pass.com.tw,339255806,,681096,,1229008,,326061455,,1285406,,15587364,,495136827,,339255806,681096,1229008,326061455,1285406,15587364,495136827
104,12,104/12,3,一卡通,8047971,346919,false,,7191574,,,13444,,1015474,,0,,0,0,0,,0,0,一卡通票證股份有限公司,104 年 12 月,一卡通,8047971,7191574,346919,13444,1015474,0,0,0,0,營運產品群票證營運部,林宏奕,07-7933000#653,鄭貽文,07-7933000#510,000298@i-pass.com.tw,378418008,,709938,,1381568,,357285230,,1253514,,17681957,,482889161,,378418008,709938,1381568,357285230,1253514,17681957,482889161
104,11,104/11,3,一卡通,7701052,488308,false,,6858099,,,11863,,906880,,0,,0,0,0,,0,0,一卡通票證股份有限公司,104 年 11 月,一卡通,7701052,6858099,488308,11863,906880,0,0,0,0,營運產品群票證營運部,林宏奕,07-7933000#653,鄭貽文,07-7933000#510,000298@i-pass.com.tw,346174185,,645850,,1228725,,334791979,,1153308,,15639458,,462771857,,346174185,645850,1228725,334791979,1153308,15639458,462771857
104,10,104/10,3,一卡通,7212744,302068,false,,6381654,,,17654,,813606,,0,,0,0,0,,0,0,一卡通票證股份有限公司,104 年 10 月,一卡通,7212744,6381654,302068,17654,813606,0,0,0,0,營運產品群票證營運部,林宏奕,07-7933000#653,鄭貽文,07-7933000#510,000298@i-pass.com.tw,337819178,,665410,,1267320,,322659993,,1143216,,15842887,,452296531,,337819178,665410,1267320,322659993,1143216,15842887,452296531
104,9,104/09,3,一卡通,6910676,375655,false,,6097240,,,9275,,753143,,0,,0,0,0,,0,0,一卡通票證股份有限公司,104 年 09 月,一卡通,6910676,6097240,375655,9275,753143,0,0,0,0,營運產品群票證營運部,林宏奕,07-7933000#653,鄭貽文,07-7933000#510,000298@i-pass.com.tw,279622261,,607154,,1102273,,251188347,,1052547,,13376709,,437950952,,279622261,607154,1102273,251188347,1052547,13376709,437950952
104,8,104/08,3,一卡通,6535021,60675,false,,5730860,,,7959,,571811,,0,,0,0,0,,0,0,一卡通票證股份有限公司,104 年 08 月,一卡通,6535021,5730860,60675,7959,571811,0,0,0,0,營運產品群票證營運部,林宏奕,07-7933000#653,鄭貽文,07-7933000#510,000298@i-pass.com.tw,241161109,,570245,,1018735,,231673406,,1017659,,12312151,,410270180,,241161109,570245,1018735,231673406,1017659,12312151,410270180
104,7,104/07,3,一卡通,6283322,244932,false,,5487120,,,12451,,703900,,0,,0,0,0,,0,0,一卡通票證股份有限公司,104 年 07 月,一卡通,6283322,5487120,244932,12451,703900,0,0,0,0,營運產品群票證營運部,林宏奕,07-7933000#653,鄭貽文,07-7933000#510,000298@i-pass.com.tw,240241837,,576515,,1045064,,226924707,,1005702,,12522002,,401354288,,240241837,576515,1045064,226924707,1005702,12522002,401354288
104,6,104/06,3,一卡通,6038390,168390,false,,5254639,,,7634,,618491,,0,,0,0,0,,0,0,一卡通票證股份有限公司,104 年 06 月,一卡通,6038390,5254639,168390,7634,618491,0,0,0,0,營運產品群票證營運部,林宏奕,07-7933000#653,鄭貽文,07-7933000#510,000298@i-pass.com.tw,227764703,,542964,,993602,,226646241,,953820,,13226018,,388741058,,227764703,542964,993602,226646241,953820,13226018,388741058
104,5,104/05,3,一卡通,5870000,169077,false,,5093883,,,7603,,562321,,0,,0,0,0,,0,0,一卡通票證股份有限公司,104 年 05 月,一卡通,5870000,5093883,169077,7603,562321,0,0,0,0,營運產品群票證營運部,林宏奕,07-7933000#653,鄭貽文,07-7933000#510,000298@i-pass.com.tw,260575089,,567101,,1079150,,248400860,,984303,,14304926,,388241087,,260575089,567101,1079150,248400860,984303,14304926,388241087
104,4,104/04,3,一卡通,5700923,132349,false,,4932405,,,9079,,557929,,0,,0,0,0,,0,0,一卡通票證股份有限公司,104 年 04 月,一卡通,5700923,4932405,132349,9079,557929,0,0,0,0,營運產品群票證營運部,林宏奕,07-7933000#653,鄭貽文,07-7933000#510,000298@i-pass.com.tw,222197110,,534194,,952370,,214486136,,940327,,13163235,,376629179,,222197110,534194,952370,214486136,940327,13163235,376629179
104,3,104/03,3,一卡通,5568574,199005,false,,4809135,,,8511,,621718,,0,,0,0,0,,0,0,一卡通票證股份有限公司,104 年 03 月,一卡通,5568574,4809135,199005,8511,621718,0,0,0,0,營運產品群票證營運部,林宏奕,07-7933000#653,鄭貽文,07-7933000#510,000298@i-pass.com.tw,229925818,,529268,,963475,,217210179,,933291,,13337534,,369476134,,229925818,529268,963475,217210179,933291,13337534,369476134
104,2,104/02,3,一卡通,5369569,158224,false,,4618641,,,5091,,436314,,0,,0,0,0,,0,0,一卡通票證股份有限公司,104 年 02 月,一卡通,5369569,4618641,158224,5091,436314,0,0,0,0,營運產品群票證營運部,林宏奕,07-7933000#653,鄭貽文,07-7933000#510,000298@i-pass.com.tw,167760758,,538343,,827372,,147673407,,1024874,,10122737,,357382213,,167760758,538343,827372,147673407,1024874,10122737,357382213
104,1,104/01,3,一卡通,5211345,141895,false,,4465508,,,5400,,552931,,0,,0,0,0,,0,0,一卡通票證股份有限公司,104 年 01 月,一卡通,5211345,4465508,141895,5400,552931,0,0,0,0,營運產品群票證營運部,林宏奕,07-7933000#653,鄭貽文,07-7933000#510,000298@i-pass.com.tw,175361264,,328836,,523472,,159707267,,730269,,9142165,,337731176,,175361264,328836,523472,159707267,730269,9142165,337731176
103,12,103/12,3,一卡通,5069450,204373,false,,4329013,,,6408,,560349,,0,,0,0,0,,0,0,一卡通票證股份有限公司,103 年 12 月,一卡通,5069450,4329013,204373,6408,560349,0,0,0,0,營運產品群票證營運部,林宏奕,07-7933000#653,鄭貽文,07-7933000#510,000298@i-pass.com.tw,205925617,,461606,,767082,,157562955,,888954,,13240982,,322630110,,205925617,461606,767082,157562955,888954,13240982,322630110
103,11,103/11,3,一卡通,4865077,110907,false,,4131048,,,5675,,461950,,0,,0,0,0,,0,0,一卡通票證股份有限公司,103 年 11 月,一卡通,4865077,4131048,110907,5675,461950,0,0,0,0,營運產品群票證營運部,林宏奕,07-7933000#653,鄭貽文,07-7933000#510,000298@i-pass.com.tw,121640828,,409721,,666589,,108540115,,846419,,11274137,,274827797,,121640828,409721,666589,108540115,846419,11274137,274827797
103,10,103/10,3,一卡通,4754170,162074,false,,4025745,,,5675,,356540,,0,,0,0,0,,0,0,一卡通票證股份有限公司,103 年 10 月,一卡通,4754170,4025745,162074,5675,356540,0,0,0,0,營運產品群票證營運部,林宏奕,07-7933000#653,鄭貽文,07-7933000#510,000298@i-pass.com.tw,117568344,,382809,,630982,,111146353,,820035,,11003375,,262189034,,117568344,382809,630982,111146353,820035,11003375,262189034
103,9,103/09,3,一卡通,4592096,89047,false,,3869346,,,4966,,394369,,0,,0,0,0,,0,0,一卡通票證股份有限公司,103 年 09 月,一卡通,4592096,3869346,89047,4966,394369,0,0,0,0,營運產品群票證營運部,林宏奕,07-7933000#653,鄭貽文,07-7933000#510,000298@i-pass.com.tw,117719194,,363540,,582756,,108328179,,773153,,9665321,,256123583,,117719194,363540,582756,108328179,773153,9665321,256123583
103,8,103/08,3,一卡通,4503049,60968,false,,3785265,,,4364,,453290,,0,,0,0,0,,0,0,一卡通票證股份有限公司,103 年 08 月,一卡通,4503049,3785265,60968,4364,453290,0,0,0,0,營運產品群票證營運部,林宏奕,07-7933000#653,鄭貽文,07-7933000#510,000298@i-pass.com.tw,100703494,,382271,,623465,,94777265,,791040,,8824667,,247126937,,100703494,382271,623465,94777265,791040,8824667,247126937
103,7,103/07,3,一卡通,4442081,52564,false,,3728661,,,4605,,375136,,0,,0,0,0,,0,0,一卡通票證股份有限公司,103 年 07 月,一卡通,4442081,3728661,52564,4605,375136,0,0,0,0,營運產品群票證營運部,林宏奕,07-7933000#653,鄭貽文,07-7933000#510,000298@i-pass.com.tw,103299514,,373468,,604591,,96307169,,779372,,8955140,,241653998,,103299514,373468,604591,96307169,779372,8955140,241653998
103,6,103/06,3,一卡通,4389517,91899,false,,3680702,,,4839,,412766,,0,,0,0,0,,0,0,一卡通票證股份有限公司,103 年 06 月,一卡通,4389517,3680702,91899,4839,412766,0,0,0,0,營運產品群票證營運部,林宏奕,07-7933000#653,鄭貽文,07-7933000#510,000298@i-pass.com.tw,90367005,,343042,,538754,,87962763,,730178,,9140927,,235036789,,90367005,343042,538754,87962763,730178,9140927,235036789
103,5,103/05,3,一卡通,4297618,59588,false,,3593642,,,4811,,450373,,0,,0,0,0,,0,0,一卡通票證股份有限公司,103 年 05 月,一卡通,4297618,3593642,59588,4811,450373,0,0,0,0,營運產品群票證營運部,林宏奕,07-7933000#653,鄭貽文,07-7933000#510,000298@i-pass.com.tw,94636236,,337368,,543211,,88215516,,751154,,9534129,,233045313,,94636236,337368,543211,88215516,751154,9534129,233045313
103,4,103/04,3,一卡通,4238030,62905,false,,3538865,,,4915,,333323,,0,,0,0,0,,0,0,一卡通票證股份有限公司,103 年 04 月,一卡通,4238030,3538865,62905,4915,333323,0,0,0,0,營運產品群票證營運部,林宏奕,07-7933000#653,鄭貽文,07-7933000#510,000298@i-pass.com.tw,91929692,,322529,,503746,,79355058,,727876,,8988997,,227074966,,91929692,322529,503746,79355058,727876,8988997,227074966
103,3,103/03,3,一卡通,4175125,75509,false,,3480875,,,4663,,262825,,0,,0,0,0,,0,0,一卡通票證股份有限公司,103 年 03 月,一卡通,4175125,3480875,75509,4663,262825,0,0,0,0,營運產品群票證營運部,林宏奕,07-7933000#653,鄭貽文,07-7933000#510,000298@i-pass.com.tw,91514838,,323339,,509837,,90732023,,720361,,8382618,,214833655,,91514838,323339,509837,90732023,720361,8382618,214833655
103,2,103/02,3,一卡通,4099616,53019,false,,3410029,,,2781,,2126,,0,,0,0,0,,0,0,一卡通票證股份有限公司,103 年 02 月,一卡通,4099616,3410029,53019,2781,2126,0,0,0,0,營運產品群票證營運部,林宏奕,07-7933000#653,鄭貽文,07-7933000#510,000298@i-pass.com.tw,41923433,,225049,,295559,,39997947,,565585,,4357726,,214313665,,41923433,225049,295559,39997947,565585,4357726,214313665