yr,mn,ym,c1,c2,c3,editable,_url,[0].amt,[1].amt,[2].amt,[3].amt,[4].amt,[5].amt,[6].amt,[7].amt,1100X,1100Y,[8].amt,[9].amt,[10].amt,[11].amt,[12].amt,[13].amt,1200X,1200Y,[14].amt,[15].amt,[16].amt,1510X,1510Y,[17].amt,[18].amt,[19].amt,1520X,1520Y,[20].amt,[21].amt,[22].amt,1610X,1610Y,[23].amt,[24].amt,[25].amt,1620X,1620Y,1999A,1999B,1999C,1999D,1999E,1999F,1999G,1999H,1999X,1999Y,機構名稱,交易類型,筆數,代理收付實質交易款項,收受儲值款項,辦理國內外小額匯兌,跨機構,國外小額匯兌,匯入款項,合計,維護部門名稱,主管姓名,主管電話,承辦人姓名,承辦人電話,承辦人E-MAIL,[26].amt,1400A,1400B,1400C,代理收付實質交易款項 (A),收受儲值款項 (B),電子支付帳戶間款項移轉 (C),與境外機構合作或協助相關電子支付機構業務(D),第4條第1項第1款業務 - outbound,第4條第1項第2款業務 - inbound,第4條第1項第3款業務 - inbound,第4條第1項第6款業務 - outbound,其他,小計,合計 (E=A+B+C+D)
115,2,115/02,7195986,5756586,9012217316,false,,3373270,1528627320,656220,20707237,512234551,2045980,0,0,24080507,2040861871,1641499,6175908216,589162,1959893,549693146,1071260,3601392,6725601362,658734,852172840,286455,658734,852172840,83083,455508940,31130,83083,455508940,0,0,0,0,0,0,0,0,0,0,5756586,9012217316,1562967,22667130,1061927697,3117240,0,0,28423716,10074145013,一卡通票證股份有限公司,電子支付帳戶,交易金額,3373270,1641499,國內小額匯兌,83083,匯出款項,0,5756586,營運產品群電支營運部,廖滋鐶,07-7933000#502,鄭幸宜,07-7933000#524,001239@i-pass.com.tw,,,,,,,,,,,,,,,
115,1,115/01,7165818,5721309,9732557295,false,,2461043,1420361705,706501,23466120,549261452,1981518,0,0,25927163,1969623157,1995548,6594885479,662047,2021973,566919749,1030564,4017521,7161805228,1155834,1172331582,430890,1155834,1172331582,108884,544978529,49906,108884,544978529,0,0,0,0,0,0,0,0,0,0,5721309,9732557295,1849344,25488093,1116181201,3012082,0,0,31209402,10848738496,一卡通票證股份有限公司,電子支付帳戶,交易金額,2461043,1995548,國內小額匯兌,108884,匯出款項,0,5721309,營運產品群電支營運部,廖滋鐶,07-7933000#502,鄭幸宜,07-7933000#524,001239@i-pass.com.tw,,,,,,,,,,,,,,,
114,12,114/12,7156026,13711432,18012958535,false,,3028840,1689629138,1046475,25402278,601088754,2049507,0,0,28431118,2290717892,4324775,9433695284,1427616,2210434,624050557,1109841,6535209,10057745841,6177042,6106274431,2007352,6177042,6106274431,180775,783359682,102768,180775,783359682,0,0,0,0,0,0,0,0,0,0,13711432,18012958535,4584211,27612712,1225139311,3159348,0,0,41324144,19238097846,一卡通票證股份有限公司,電子支付帳戶,交易金額,3028840,4324775,國內小額匯兌,180775,匯出款項,0,13711432,營運產品群電支營運部,廖滋鐶,07-7933000#502,鄭幸宜,07-7933000#524,001239@i-pass.com.tw,,,,,,,,,,,,,,,
114,11,114/11,7133559,31431925,35791802250,false,,11043212,4094601157,1781774,23833292,577325595,1974615,0,0,34876504,4671926752,8401463,18380642559,1981249,2088536,608186580,1049915,10489999,18988829139,11837903,12590529913,2541589,11837903,12590529913,149347,726028621,59861,149347,726028621,0,0,0,0,0,0,0,0,0,0,31431925,35791802250,6364473,25921828,1185512175,3024530,0,0,57353753,36977314425,一卡通票證股份有限公司,電子支付帳戶,交易金額,11043212,8401463,國內小額匯兌,149347,匯出款項,0,31431925,營運產品群電支營運部,廖滋鐶,07-7933000#502,鄭幸宜,07-7933000#524,001239@i-pass.com.tw,,,,,,,,,,,,,,,
114,10,114/10,7109281,31677548,35421524342,false,,11247269,3877615502,1759707,24421533,595499436,1995075,0,0,35668802,4473114938,8314041,18168606828,1960640,2125979,615760695,1066027,10440020,18784367523,11976729,12691170460,2551498,11976729,12691170460,139509,684131552,53447,139509,684131552,0,0,0,0,0,0,0,0,0,0,31677548,35421524342,6325292,26547512,1211260131,3061102,0,0,58225060,36632784473,一卡通票證股份有限公司,電子支付帳戶,交易金額,11247269,8314041,國內小額匯兌,139509,匯出款項,0,31677548,營運產品群電支營運部,廖滋鐶,07-7933000#502,鄭幸宜,07-7933000#524,001239@i-pass.com.tw,,,,,,,,,,,,,,,
114,9,114/09,7080405,31805477,35766019008,false,,11214941,3961565314,1756668,23383198,596019914,1890993,0,0,34598139,4557585228,8315242,18475309351,1960178,1987464,577479922,992827,10302706,19052789273,12142178,12665603893,2545342,12142178,12665603893,133116,663540450,52442,133116,663540450,0,0,0,0,0,0,0,0,0,0,31805477,35766019008,6314630,25370662,1173499836,2883820,0,0,57176139,36939518844,一卡通票證股份有限公司,電子支付帳戶,交易金額,11214941,8315242,國內小額匯兌,133116,匯出款項,0,31805477,營運產品群電支營運部,廖滋鐶,07-7933000#502,鄭幸宜,07-7933000#524,001239@i-pass.com.tw,,,,,,,,,,,,,,,
114,8,114/08,7048199,32634304,35845950057,false,,11597886,4071535803,1795087,23649158,627701342,1995877,0,0,35247044,4699237145,8544068,18389612626,1996067,2169858,607941665,1074398,10713926,18997554291,12360157,12750527545,2570560,12360157,12750527545,132193,634274083,53477,132193,634274083,0,0,0,0,0,0,0,0,0,0,32634304,35845950057,6415191,25819016,1235643007,3070275,0,0,58453320,37081593064,一卡通票證股份有限公司,電子支付帳戶,交易金額,11597886,8544068,國內小額匯兌,132193,匯出款項,0,32634304,營運產品群電支營運部,廖滋鐶,07-7933000#502,鄭幸宜,07-7933000#524,001239@i-pass.com.tw,,,,,,,,,,,,,,,
114,7,114/07,7016659,32894353,36242693688,false,,11652954,4139262509,1828151,22267311,578956187,1889514,0,0,33920265,4718218696,8530273,18596751245,1987943,2005858,566895025,998019,10536131,19163646270,12571600,12851699446,2630897,12571600,12851699446,139526,654980488,62044,139526,654980488,0,0,0,0,0,0,0,0,0,0,32894353,36242693688,6509035,24273169,1145851212,2887533,0,0,57167522,37388544900,一卡通票證股份有限公司,電子支付帳戶,交易金額,11652954,8530273,國內小額匯兌,139526,匯出款項,0,32894353,營運產品群電支營運部,廖滋鐶,07-7933000#502,鄭幸宜,07-7933000#524,001239@i-pass.com.tw,,,,,,,,,,,,,,,
114,6,114/06,6980934,32506143,35515956568,false,,11296814,3825105299,1738169,23131111,548325973,1910834,0,0,34427925,4373431272,8384495,18113503959,1968512,1980969,550514875,985389,10365464,18664018834,12708300,12994790184,2613276,12708300,12994790184,116534,582557126,48498,116534,582557126,0,0,0,0,0,0,0,0,0,0,32506143,35515956568,6368455,25112080,1098840848,2896223,0,0,57618223,36614797416,一卡通票證股份有限公司,電子支付帳戶,交易金額,11296814,8384495,國內小額匯兌,116534,匯出款項,0,32506143,營運產品群電支營運部,廖滋鐶,07-7933000#502,鄭幸宜,07-7933000#524,001239@i-pass.com.tw,,,,,,,,,,,,,,,
114,5,114/05,6941973,32747928,36056813011,false,,11537686,3985007734,1741816,24489048,567550277,1975001,0,0,36026734,4552558011,8399064,18492165936,1956689,2067995,646557734,1034747,10467059,19138723670,12695464,13009955918,2603454,12695464,13009955918,115714,569683423,48231,115714,569683423,0,0,0,0,0,0,0,0,0,0,32747928,36056813011,6350190,26557043,1214108011,3009748,0,0,59304971,37270921022,一卡通票證股份有限公司,電子支付帳戶,交易金額,11537686,8399064,國內小額匯兌,115714,匯出款項,0,32747928,營運產品群電支營運部,廖滋鐶,07-7933000#502,鄭幸宜,07-7933000#524,001239@i-pass.com.tw,,,,,,,,,,,,,,,
114,4,114/04,6903178,30895960,34964936164,false,,10737424,3799315520,1688937,24520802,634391243,1999246,0,0,35258226,4433706763,7838049,18276596060,1888192,1998244,565731199,1029616,9836293,18842327259,12210971,12346187158,2543955,12210971,12346187158,109516,542837426,46457,109516,542837426,0,0,0,0,0,0,0,0,0,0,30895960,34964936164,6167541,26519046,1200122442,3028862,0,0,57415006,36165058606,一卡通票證股份有限公司,電子支付帳戶,交易金額,10737424,7838049,國內小額匯兌,109516,匯出款項,0,30895960,營運產品群電支營運部,廖滋鐶,07-7933000#502,鄭幸宜,07-7933000#524,001239@i-pass.com.tw,,,,,,,,,,,,,,,
114,3,114/03,6866307,31620257,36148869506,false,,10875703,3770518687,1705327,24592083,575189104,1981622,0,0,35467786,4345707791,8038777,18975933679,1888982,1974498,576084025,1008228,10013275,19552017704,12597142,12836011957,2539895,12597142,12836011957,108635,566405183,46453,108635,566405183,0,0,0,0,0,0,0,0,0,0,31620257,36148869506,6180657,26566581,1151273129,2989850,0,0,58186838,37300142635,一卡通票證股份有限公司,電子支付帳戶,交易金額,10875703,8038777,國內小額匯兌,108635,匯出款項,0,31620257,營運產品群電支營運部,廖滋鐶,07-7933000#502,鄭幸宜,07-7933000#524,001239@i-pass.com.tw,,,,,,,,,,,,,,,
114,2,114/02,6823897,27389143,33261654693,false,,9380964,3557107839,1647053,22061513,508778191,2008291,0,0,31442477,4065886030,6977249,17792557078,1782799,1860458,517374270,1004948,8837707,18309931348,10934058,11413380624,2440537,10934058,11413380624,96872,498609152,43029,96872,498609152,0,0,0,0,0,0,0,0,0,0,27389143,33261654693,5913418,23921971,1026152461,3013239,0,0,51311114,34287807154,一卡通票證股份有限公司,電子支付帳戶,交易金額,9380964,6977249,國內小額匯兌,96872,匯出款項,0,27389143,營運產品群電支營運部,廖滋鐶,07-7933000#502,鄭幸宜,07-7933000#524,001239@i-pass.com.tw,,,,,,,,,,,,,,,
114,1,114/01,6774615,30876311,40580401634,false,,9684628,3608710978,1625215,23191557,534882408,2104513,0,0,32876185,4143593386,8309801,21540410969,1974354,2009605,544309763,1066009,10319406,22084720732,12771760,14865874235,2645736,12771760,14865874235,110122,565405452,46374,110122,565405452,0,0,0,0,0,0,0,0,0,0,30876311,40580401634,6291679,25201162,1079192171,3170522,0,0,56077473,41659593805,一卡通票證股份有限公司,電子支付帳戶,交易金額,9684628,8309801,國內小額匯兌,110122,匯出款項,0,30876311,營運產品群電支營運部,廖滋鐶,07-7933000#502,鄭幸宜,07-7933000#524,001239@i-pass.com.tw,,,,,,,,,,,,,,,
113,12,113/12,6684320,30384995,35659579130,false,,10129468,3575822974,1620406,25865892,582903644,2076106,0,0,35995360,4158726618,7973395,18815635657,1860968,2174440,601505627,1088629,10147835,19417141284,12175478,12732318408,2447225,12175478,12732318408,106654,535802091,45360,106654,535802091,0,0,0,0,0,0,0,0,0,0,30384995,35659579130,5973959,28040332,1184409271,3164735,0,0,58425327,36843988401,一卡通票證股份有限公司,電子支付帳戶,交易金額,10129468,7973395,國內小額匯兌,106654,匯出款項,0,30384995,營運產品群電支營運部,廖滋鐶,07-7933000#502,鄭幸宜,07-7933000#524,001239@i-pass.com.tw,,,,,,,,,,,,,,,
113,11,113/11,6639696,28583869,33712133954,false,,9789637,3587353348,1571280,24370399,548654926,1961187,0,0,34160036,4136008274,7436260,18006096757,1791886,2002695,570741120,1008576,9438955,18576837877,11258631,11614811623,2341623,11258631,11614811623,99341,503872226,43699,99341,503872226,0,0,0,0,0,0,0,0,0,0,28583869,33712133954,5748488,26373094,1119396046,2969763,0,0,54956963,34831530000,一卡通票證股份有限公司,電子支付帳戶,交易金額,9789637,7436260,國內小額匯兌,99341,匯出款項,0,28583869,營運產品群電支營運部,廖滋鐶,07-7933000#502,鄭幸宜,07-7933000#524,001239@i-pass.com.tw,,,,,,,,,,,,,,,
113,10,113/10,6597430,27736925,33879415045,false,,9619400,3517959806,1533771,22794893,532912065,1909033,0,0,32414293,4050871871,7244605,18408211734,1746945,1891998,546567294,981206,9136603,18954779028,10774445,11447869379,2288031,10774445,11447869379,98475,505374126,42618,98475,505374126,0,0,0,0,0,0,0,0,0,0,27736925,33879415045,5611365,24686891,1079479359,2890239,0,0,52423816,34958894404,一卡通票證股份有限公司,電子支付帳戶,交易金額,9619400,7244605,國內小額匯兌,98475,匯出款項,0,27736925,營運產品群電支營運部,廖滋鐶,07-7933000#502,鄭幸宜,07-7933000#524,001239@i-pass.com.tw,,,,,,,,,,,,,,,
113,9,113/09,6552346,27175696,33237402493,false,,9204290,3407952805,1503131,23630678,534989173,1933361,0,0,32834968,3942941978,7141958,17945792864,1732045,1992584,810623400,1043053,9134542,18756416264,10735210,11413793533,2265886,10735210,11413793533,94238,469863291,39796,94238,469863291,0,0,0,0,0,0,0,0,0,0,27175696,33237402493,5540858,25623262,1345612573,2976414,0,0,52798958,34583015066,一卡通票證股份有限公司,電子支付帳戶,交易金額,9204290,7141958,國內小額匯兌,94238,匯出款項,0,27175696,營運產品群電支營運部,廖滋鐶,07-7933000#502,鄭幸宜,07-7933000#524,001239@i-pass.com.tw,,,,,,,,,,,,,,,
113,8,113/08,6501946,27791667,35267161429,false,,9567152,3522063731,1509465,24034273,571064377,1978010,0,0,33601425,4093128108,7262467,19815297952,1743899,2062167,572404696,1038617,9324634,20387702648,10867594,11448602014,2249370,10867594,11448602014,94454,481197732,40744,94454,481197732,0,0,0,0,0,0,0,0,0,0,27791667,35267161429,5543478,26096440,1143469073,3016627,0,0,53888107,36410630502,一卡通票證股份有限公司,電子支付帳戶,交易金額,9567152,7262467,國內小額匯兌,94454,匯出款項,0,27791667,營運產品群電支營運部,廖滋鐶,07-7933000#502,鄭幸宜,07-7933000#524,001239@i-pass.com.tw,,,,,,,,,,,,,,,
113,7,113/07,6448719,26536579,34776922285,false,,9253399,3514845737,1477654,22264350,514486714,1890652,0,0,31517749,4029332451,6961468,19798531322,1692742,1907409,539050526,977434,8868877,20337581848,10229656,10986078587,2171286,10229656,10986078587,92056,477466639,39576,92056,477466639,0,0,0,0,0,0,0,0,0,0,26536579,34776922285,5381258,24171759,1053537240,2868086,0,0,50708338,35830459525,一卡通票證股份有限公司,電子支付帳戶,交易金額,9253399,6961468,國內小額匯兌,92056,匯出款項,0,26536579,營運產品群電支營運部,廖滋鐶,07-7933000#502,鄭幸宜,07-7933000#524,001239@i-pass.com.tw,,,,,,,,,,,,,,,
113,6,113/06,6403013,25687140,32857739895,false,,8906688,3179337648,1435502,23594087,526687180,1971366,0,0,32500775,3706024828,6714367,18653328963,1656414,1998698,549033279,1025556,8713065,19202362242,9979779,10584511144,2163653,9979779,10584511144,86306,440562140,37761,86306,440562140,0,0,0,0,0,0,0,0,0,0,25687140,32857739895,5293330,25592785,1075720459,2996922,0,0,51279925,33933460354,一卡通票證股份有限公司,電子支付帳戶,交易金額,8906688,6714367,國內小額匯兌,86306,匯出款項,0,25687140,營運產品群電支營運部,廖滋鐶,07-7933000#502,鄭幸宜,07-7933000#524,001239@i-pass.com.tw,,,,,,,,,,,,,,,
113,5,113/05,6361749,26605786,33444190262,false,,9125964,3205132221,1430842,25310576,558391781,1945178,0,0,34436540,3763524002,6877582,18969953002,1656415,2044725,573096039,1012041,8922307,19543049041,10514859,10821200324,2162648,10514859,10821200324,87381,447904715,38270,87381,447904715,0,0,0,0,0,0,0,0,0,0,26605786,33444190262,5288175,27355301,1131487820,2957219,0,0,53961087,34575678082,一卡通票證股份有限公司,電子支付帳戶,交易金額,9125964,6877582,國內小額匯兌,87381,匯出款項,0,26605786,營運產品群電支營運部,廖滋鐶,07-7933000#502,鄭幸宜,07-7933000#524,001239@i-pass.com.tw,,,,,,,,,,,,,,,
113,4,113/04,6317427,24422876,31788120551,false,,8420708,3054697086,1388182,24075114,546954491,1962752,0,0,32495822,3601651577,6348983,18162958000,1590706,1967428,567759598,2000776,8316411,18730717598,9572322,10143421334,2080219,9572322,10143421334,80863,427044131,35706,80863,427044131,0,0,0,0,0,0,0,0,0,0,24422876,31788120551,5094813,26042542,1114714089,3963528,0,0,50465418,32902834640,一卡通票證股份有限公司,電子支付帳戶,交易金額,8420708,6348983,國內小額匯兌,80863,匯出款項,0,24422876,營運產品群電支營運部,廖滋鐶,07-7933000#502,鄭幸宜,07-7933000#524,001239@i-pass.com.tw,,,,,,,,,,,,,,,
113,3,113/03,6276043,25030885,32879140983,false,,8474545,3106637139,1391371,26311782,657508150,2044497,0,0,34786327,3764145289,6504205,18885589653,1593494,2067047,575453328,1053844,8571252,19461042981,9968323,10442013569,2125504,9968323,10442013569,83812,444900622,36772,83812,444900622,0,0,0,0,0,0,0,0,0,0,25030885,32879140983,5147141,28378829,1232961478,3098341,0,0,53409714,34112102461,一卡通票證股份有限公司,電子支付帳戶,交易金額,8474545,6504205,國內小額匯兌,83812,匯出款項,0,25030885,營運產品群電支營運部,廖滋鐶,07-7933000#502,鄭幸宜,07-7933000#524,001239@i-pass.com.tw,,,,,,,,,,,,,,,
113,2,113/02,6227388,22732207,32962742950,false,,7235107,2951876809,1334452,23758107,606383366,2193495,0,0,30993214,3558260175,6103756,18847564072,1613676,2005755,548024574,1113612,8109511,19395588646,9315571,10775682976,2195804,9315571,10775682976,77773,387619093,35670,77773,387619093,0,0,0,0,0,0,0,0,0,0,22732207,32962742950,5179602,25763862,1154407940,3307107,0,0,48496069,34117150890,一卡通票證股份有限公司,電子支付帳戶,交易金額,7235107,6103756,國內小額匯兌,77773,匯出款項,0,22732207,營運產品群電支營運部,廖滋鐶,07-7933000#502,鄭幸宜,07-7933000#524,001239@i-pass.com.tw,,,,,,,,,,,,,,,
113,1,113/01,6120471,23604352,32704174315,false,,7556006,2972578839,1297465,25250888,565830629,2078345,0,0,32806894,3538409468,6335595,18645416593,1582393,2018088,552212068,1036559,8353683,19197628661,9632163,10679385641,2015426,9632163,10679385641,80588,406793242,35858,80588,406793242,0,0,0,0,0,0,0,0,0,0,23604352,32704174315,4931142,27268976,1118042697,3114904,0,0,50873328,33822217012,一卡通票證股份有限公司,電子支付帳戶,交易金額,7556006,6335595,國內小額匯兌,80588,匯出款項,0,23604352,營運產品群電支營運部,廖滋鐶,07-7933000#502,鄭幸宜,07-7933000#524,001239@i-pass.com.tw,,,,,,,,,,,,,,,
112,12,112/12,6070995,23565666,30144974859,false,,7711427,2895049957,1285578,26591383,586198048,2064142,0,0,34302810,3481248005,6371066,16969912481,1482441,2207259,604221675,1106053,8578325,17574134156,9405148,9904921156,1989727,9405148,9904921156,78025,375091265,34408,78025,375091265,0,0,0,0,0,0,0,0,0,0,23565666,30144974859,4792154,28798642,1190419723,3170195,0,0,52364308,31335394582,一卡通票證股份有限公司,電子支付帳戶,交易金額,7711427,6371066,國內小額匯兌,78025,匯出款項,0,23565666,營運產品群電支營運部,廖滋鐶,07-7933000#502,鄭幸宜,07-7933000#524,001239@i-pass.com.tw,,,,,,,,,,,,,,,
112,11,112/11,6022807,22062020,28881567447,false,,7349821,2873055393,1236150,25159590,548947329,1922814,0,0,32509411,3422002722,5803978,16349235340,1482441,1984024,563045757,1003387,7788002,16912281097,8834065,9293733765,1893923,8834065,9293733765,74156,365542949,33304,74156,365542949,0,0,0,0,0,0,0,0,0,0,22062020,28881567447,4645818,27143614,1111993086,2926201,0,0,49205634,29993560533,一卡通票證股份有限公司,電子支付帳戶,交易金額,7349821,5803978,國內小額匯兌,74156,匯出款項,0,22062020,營運產品群電支營運部,廖滋鐶,07-7933000#502,鄭幸宜,07-7933000#524,001239@i-pass.com.tw,,,,,,,,,,,,,,,
112,10,112/10,5978176,21421639,28306663878,false,,7223102,2830357732,1209761,25287590,567740015,1981656,0,0,32510692,3398097747,5641659,15945028527,1441577,2052266,582551281,1039219,7693925,16527579808,8483427,9175751738,1854673,8483427,9175751738,73451,355525881,33024,73451,355525881,0,0,0,0,0,0,0,0,0,0,21421639,28306663878,4539035,27339856,1150291296,3020875,0,0,48761495,29456955174,一卡通票證股份有限公司,電子支付帳戶,交易金額,7223102,5641659,國內小額匯兌,73451,匯出款項,0,21421639,營運產品群電支營運部,廖滋鐶,07-7933000#502,鄭幸宜,07-7933000#524,001239@i-pass.com.tw,,,,,,,,,,,,,,,
112,9,112/09,5960039,20617425,27282384404,false,,6845300,2769735673,1163799,23937117,527039969,1866567,0,0,30782417,3296775642,5428138,15254301965,1407663,1960861,734445962,1017379,7388999,15988747927,8274917,8930759176,1817550,8274917,8930759176,69070,327587590,31274,69070,327587590,0,0,0,0,0,0,0,0,0,0,20617425,27282384404,4420286,25897978,1261485931,2883946,0,0,46515403,28543870335,一卡通票證股份有限公司,電子支付帳戶,交易金額,6845300,5428138,國內小額匯兌,69070,匯出款項,0,20617425,營運產品群電支營運部,廖滋鐶,07-7933000#502,鄭幸宜,07-7933000#524,001239@i-pass.com.tw,,,,,,,,,,,,,,,
112,8,112/08,5906730,20641922,27244933609,false,,6857595,2751090997,1149460,24252473,555037286,1922938,0,0,31110068,3306128283,5430985,15232222225,1389181,2073669,694283063,1054878,7504654,15926505288,8283210,8927931595,1784790,8283210,8927931595,70132,333688792,31728,70132,333688792,0,0,0,0,0,0,0,0,0,0,20641922,27244933609,4355159,26326142,1249320349,2977816,0,0,46968064,28494253958,一卡通票證股份有限公司,電子支付帳戶,交易金額,6857595,5430985,國內小額匯兌,70132,匯出款項,0,20641922,營運產品群電支營運部,廖滋鐶,07-7933000#502,鄭幸宜,07-7933000#524,001239@i-pass.com.tw,,,,,,,,,,,,,,,
112,7,112/07,5852009,19955839,26930525062,false,,6671963,2675161801,1122306,23590378,541088415,1903704,0,0,30262341,3216250216,5272118,15164168340,1362659,2026775,569439319,1020013,7298893,15733607659,7941604,8754212734,1732608,7941604,8754212734,70154,336982187,32685,70154,336982187,0,0,0,0,0,0,0,0,0,0,19955839,26930525062,4250258,25617153,1110527734,2923717,0,0,45572992,28041052796,一卡通票證股份有限公司,電子支付帳戶,交易金額,6671963,5272118,國內小額匯兌,70154,匯出款項,0,19955839,營運產品群電支營運部,廖滋鐶,07-7933000#502,鄭幸宜,07-7933000#524,001239@i-pass.com.tw,,,,,,,,,,,,,,,
112,6,112/06,5804784,19035074,25280988464,false,,6273408,2355033053,1086060,26711535,574264818,1899764,0,0,32984943,2929297871,4970454,14221544774,1328933,2072166,588621325,1005654,7042620,14810166099,7724529,8400139068,1711854,7724529,8400139068,66683,304271569,31858,66683,304271569,0,0,0,0,0,0,0,0,0,0,19035074,25280988464,4158705,28783701,1162886143,2905418,0,0,47818775,26443874607,一卡通票證股份有限公司,電子支付帳戶,交易金額,6273408,4970454,國內小額匯兌,66683,匯出款項,0,19035074,營運產品群電支營運部,廖滋鐶,07-7933000#502,鄭幸宜,07-7933000#524,001239@i-pass.com.tw,,,,,,,,,,,,,,,
112,5,112/05,5757518,19770794,27346684528,false,,6337737,2414138812,1086872,29405922,611877673,1891741,0,0,35743659,3026016485,5295798,15630432778,1381280,2160874,636017331,1013526,7456672,16266450109,8066467,8985250386,1728901,8066467,8985250386,70792,316862552,34934,70792,316862552,0,0,0,0,0,0,0,0,0,0,19770794,27346684528,4231987,31566796,1247895004,2905267,0,0,51337590,28594579532,一卡通票證股份有限公司,電子支付帳戶,交易金額,6337737,5295798,國內小額匯兌,70792,匯出款項,0,19770794,營運產品群電支營運部,廖滋鐶,07-7933000#502,鄭幸宜,07-7933000#524,001239@i-pass.com.tw,,,,,,,,,,,,,,,
112,4,112/04,5707380,19873167,34122395553,false,,5758743,2275317819,1044538,27998124,591525017,1994836,0,0,33756867,2866842836,6070143,21749960459,1438322,2218507,618066049,1074471,8288650,22368026508,7981472,9802105061,1734634,7981472,9802105061,62809,295012214,30755,62809,295012214,0,0,0,0,0,0,0,0,0,0,19873167,34122395553,4248249,30216631,1209591066,3069307,0,0,50089798,35331986619,一卡通票證股份有限公司,電子支付帳戶,交易金額,5758743,6070143,國內小額匯兌,62809,匯出款項,0,19873167,營運產品群電支營運部,廖滋鐶,07-7933000#502,鄭幸宜,07-7933000#524,001239@i-pass.com.tw,,,,,,,,,,,,,,,
112,3,112/03,5648232,20574268,35111599342,false,,5738045,2329851873,1025380,30422090,613273020,1905041,0,0,36160135,2943124893,6180293,22406671267,1411338,2226967,633519967,1025326,8407260,23040191234,8591928,10075636413,1707814,8591928,10075636413,64002,299439789,31060,64002,299439789,0,0,0,0,0,0,0,0,0,0,20574268,35111599342,4175592,32649057,1246792987,2930367,0,0,53223325,36358392329,一卡通票證股份有限公司,電子支付帳戶,交易金額,5738045,6180293,國內小額匯兌,64002,匯出款項,0,20574268,營運產品群電支營運部,廖滋鐶,07-7933000#502,鄭幸宜,07-7933000#524,001239@i-pass.com.tw,,,,,,,,,,,,,,,
112,2,112/02,5580436,17094801,30656604551,false,,4918092,2180962264,987259,26342617,547708340,1947731,0,0,31260709,2728670604,5198624,19819641648,1304614,2100177,574283388,1049433,7298801,20393925036,6924423,8411406213,1576790,6924423,8411406213,53662,244594426,27033,53662,244594426,0,0,0,0,0,0,0,0,0,0,17094801,30656604551,3895696,28442794,1121991728,2997164,0,0,45537595,31778596279,一卡通票證股份有限公司,電子支付帳戶,交易金額,4918092,5198624,國內小額匯兌,53662,匯出款項,0,17094801,營運產品群電支營運部,廖滋鐶,07-7933000#502,鄭幸宜,07-7933000#524,001239@i-pass.com.tw,,,,,,,,,,,,,,,
112,1,112/01,5514193,18111538,35122892227,false,,4785512,2201093773,956318,26147866,565224974,2052001,0,0,30933378,2766318747,5744621,22373123247,1390171,2195025,596787502,1114128,7939646,22969910749,7525938,10299664515,1685554,7525938,10299664515,55467,249010692,28122,55467,249010692,0,0,0,0,0,0,0,0,0,0,18111538,35122892227,4060165,28342891,1162012476,3166129,0,0,46454429,36284904703,一卡通票證股份有限公司,電子支付帳戶,交易金額,4785512,5744621,國內小額匯兌,55467,匯出款項,0,18111538,營運產品群電支營運部,廖滋鐶,07-7933000#502,鄭幸宜,07-7933000#524,001239@i-pass.com.tw,,,,,,,,,,,,,,,
111,12,111/12,5402511,17842939,30474039253,false,,4943577,2107241135,926856,30684949,633981515,1966510,0,0,35628526,2741222650,5455385,19155370515,1279812,2379093,657008332,1087414,7834478,19812378847,7388189,8955712404,1510210,7388189,8955712404,55788,255715199,27415,55788,255715199,0,0,0,0,0,0,0,0,0,0,17842939,30474039253,3744293,33064042,1290989847,3053924,0,0,50906981,31765029100,一卡通票證股份有限公司,電子支付帳戶,交易金額,4943577,5455385,國內小額匯兌,55788,匯出款項,0,17842939,營運產品群電支營運部,廖滋鐶,07-7933000#502,鄭幸宜,07-7933000#524,001239@i-pass.com.tw,,,,,,,,,,,,,,,
111,11,111/11,5351135,16410488,27624456359,false,,4849774,2097934928,908738,28845868,586013154,1837019,0,0,33695642,2683948082,4973831,17584613994,1212855,2141978,607527896,989908,7115809,18192141890,6535890,7714538945,1399280,6535890,7714538945,50993,227368492,25247,50993,227368492,0,0,0,0,0,0,0,0,0,0,16410488,27624456359,3546120,30987846,1193541050,2826927,0,0,47398334,28817997409,一卡通票證股份有限公司,電子支付帳戶,交易金額,4849774,4973831,國內小額匯兌,50993,匯出款項,0,16410488,營運產品群電支營運部,廖滋鐶,07-7933000#502,鄭幸宜,07-7933000#524,001239@i-pass.com.tw,,,,,,,,,,,,,,,
111,10,111/10,5302337,15574919,26325718519,false,,4734022,2108008203,895534,28380505,584206711,1868097,0,0,33114527,2692214914,4752688,16785834308,1184228,2173294,611356029,1016805,6925982,17397190337,6038228,7212962852,1344504,6038228,7212962852,49981,218913156,24979,49981,218913156,0,0,0,0,0,0,0,0,0,0,15574919,26325718519,3449245,30553799,1195562740,2884902,0,0,46128718,27521281259,一卡通票證股份有限公司,電子支付帳戶,交易金額,4734022,4752688,國內小額匯兌,49981,匯出款項,0,15574919,營運產品群電支營運部,廖滋鐶,07-7933000#502,鄭幸宜,07-7933000#524,001239@i-pass.com.tw,,,,,,,,,,,,,,,
111,9,111/09,5241674,14691920,25475648684,false,,4417164,2060529414,860788,26453029,544731246,1757713,0,0,30870193,2605260660,4486855,16281208652,1135659,1984713,565395558,949019,6471568,16846604210,5740110,6927321194,1302871,5740110,6927321194,47791,206589424,23328,47791,206589424,0,0,0,0,0,0,0,0,0,0,14691920,25475648684,3322646,28437742,1110126804,2706732,0,0,43129662,26585775488,一卡通票證股份有限公司,電子支付帳戶,交易金額,4417164,4486855,國內小額匯兌,47791,匯出款項,0,14691920,營運產品群電支營運部,廖滋鐶,07-7933000#502,鄭幸宜,07-7933000#524,001239@i-pass.com.tw,,,,,,,,,,,,,,,
111,8,111/08,5176764,14884200,25031548570,false,,4577830,2096647824,861068,25585047,557423230,1782506,0,0,30162877,2654071054,4464516,15840427033,1116813,2082942,584982891,980794,6547458,16425409924,5792374,6883330619,1275496,5792374,6883330619,49480,211143094,23898,49480,211143094,0,0,0,0,0,0,0,0,0,0,14884200,25031548570,3277275,27667989,1142406121,2763300,0,0,42552189,26173954691,一卡通票證股份有限公司,電子支付帳戶,交易金額,4577830,4464516,國內小額匯兌,49480,匯出款項,0,14884200,營運產品群電支營運部,廖滋鐶,07-7933000#502,鄭幸宜,07-7933000#524,001239@i-pass.com.tw,,,,,,,,,,,,,,,
111,7,111/07,5106784,14206400,23968095593,false,,4459701,2047086717,850708,23113862,523650087,1667360,0,0,27573563,2570736804,4270625,15131376666,1081428,1932126,544753054,908882,6202751,15676129720,5425372,6521830070,1210694,5425372,6521830070,50702,267802140,23577,50702,267802140,0,0,0,0,0,0,0,0,0,0,14206400,23968095593,3166407,25045988,1068403141,2576242,0,0,39252388,25036498734,一卡通票證股份有限公司,電子支付帳戶,交易金額,4459701,4270625,國內小額匯兌,50702,匯出款項,0,14206400,營運產品群電支營運部,廖滋鐶,07-7933000#502,鄭幸宜,07-7933000#524,001239@i-pass.com.tw,,,,,,,,,,,,,,,
111,6,111/06,5042426,12903592,21806574260,false,,3906987,1687070965,791974,18022429,435036933,1390706,0,0,21929416,2122107898,3876675,13716635907,1011143,1511319,445809159,725774,5387994,14162445066,5070955,6113188753,1141373,5070955,6113188753,48975,289678635,22983,48975,289678635,0,0,0,0,0,0,0,0,0,0,12903592,21806574260,2967473,19533748,880846092,2116480,0,0,32437340,22687420352,一卡通票證股份有限公司,電子支付帳戶,交易金額,3906987,3876675,國內小額匯兌,48975,匯出款項,0,12903592,營運產品群電支營運部,廖滋鐶,07-7933000#502,鄭幸宜,07-7933000#524,001239@i-pass.com.tw,,,,,,,,,,,,,,,
111,5,111/05,4980546,13056372,21751847188,false,,4127780,1834914100,826639,18636780,429500354,1327237,0,0,22764560,2264414454,3912275,13577665322,1025637,1456576,436697479,702962,5368851,14014362801,4969480,6166537731,1113479,4969480,6166537731,46837,172730035,22698,46837,172730035,0,0,0,0,0,0,0,0,0,0,13056372,21751847188,2988453,20093356,866197833,2030199,0,0,33149728,22618045021,一卡通票證股份有限公司,電子支付帳戶,交易金額,4127780,3912275,國內小額匯兌,46837,匯出款項,0,13056372,營運產品群電支營運部,廖滋鐶,07-7933000#502,鄭幸宜,07-7933000#524,001239@i-pass.com.tw,,,,,,,,,,,,,,,
111,4,111/04,4913416,12708084,20045567472,false,,4313905,1817868184,836802,24306318,514993328,1615533,0,0,28620223,2332861512,3680336,12553030166,991549,1897825,524457390,881531,5578161,13077487556,4675175,5544360323,1083825,4675175,5544360323,38668,130308799,17188,38668,130308799,0,0,0,0,0,0,0,0,0,0,12708084,20045567472,2929364,26204143,1039450718,2497064,0,0,38912227,21085018190,一卡通票證股份有限公司,電子支付帳戶,交易金額,4313905,3680336,國內小額匯兌,38668,匯出款項,0,12708084,營運產品群電支營運部,廖滋鐶,07-7933000#502,鄭幸宜,07-7933000#524,001239@i-pass.com.tw,,,,,,,,,,,,,,,
111,3,111/03,4829036,13613828,20527421148,false,,4620325,1955485276,864672,29907894,597070268,1801910,0,0,34528219,2552555544,3716636,12282741584,982152,2183160,615914659,991967,5899796,12898656243,5095587,5489971798,1080672,5095587,5489971798,181280,799222490,65926,181280,799222490,0,0,0,0,0,0,0,0,0,0,13613828,20527421148,2993422,32091054,1212984927,2793877,0,0,45704882,21740406075,一卡通票證股份有限公司,電子支付帳戶,交易金額,4620325,3716636,國內小額匯兌,181280,匯出款項,0,13613828,營運產品群電支營運部,廖滋鐶,07-7933000#502,鄭幸宜,07-7933000#524,001239@i-pass.com.tw,,,,,,,,,,,,,,,
111,2,111/02,4759141,10942146,16429845755,false,,3850187,1761471225,838768,21763994,467794272,1770185,0,0,25614181,2229265497,3033304,10034586782,926472,1811088,498789242,946802,4844392,10533376024,4007115,4490179909,1065049,4007115,4490179909,51540,143607839,21897,51540,143607839,0,0,0,0,0,0,0,0,0,0,10942146,16429845755,2852186,23575082,966583514,2716987,0,0,34517228,17396429269,一卡通票證股份有限公司,電子支付帳戶,交易金額,3850187,3033304,國內小額匯兌,51540,匯出款項,0,10942146,營運產品群電支營運部,廖滋鐶,07-7933000#502,鄭幸宜,07-7933000#524,001239@i-pass.com.tw,,,,,,,,,,,,,,,
111,1,111/01,4682595,13371161,22001323898,true,,4557131,1974058197,873949,25365378,530496653,1762023,0,0,29922509,2504554850,3835082,13368873132,1019147,1932058,542317235,930867,5767140,13911190367,4886743,6122526409,1100226,4886743,6122526409,92205,535866160,30450,92205,535866160,0,0,0,0,0,0,0,0,0,0,13371161,22001323898,3023772,27297436,1072813888,2692890,0,0,40668597,23074137786,一卡通票證股份有限公司,電子支付帳戶,交易金額,4557131,3835082,國內小額匯兌,92205,匯出款項,0,13371161,營運產品群電支營運部,廖滋鐶,07-7933000#502,鄭幸宜,07-7933000#524,001239@i-pass.com.tw,,,,,,,,,,,,,,,
110,12,110/12,4556549,12994463,18069758128,false,,4928633,2103591988,894500,30814108,628793257,1932731,0,0,35742741,2732385245,3641045,10792640018,971009,2372730,649959225,1091648,6013775,11442599243,4347505,4755614655,982284,4347505,4755614655,77280,417911467,26414,77280,417911467,0,0,0,0,0,0,0,0,0,0,12994463,18069758128,2874207,33186838,1278752482,3024379,0,0,46181301,19348510610,一卡通票證股份有限公司,電子支付帳戶,交易金額,4928633,3641045,國內小額匯兌,77280,匯出款項,0,12994463,營運產品群電支營運部,廖滋鐶,07-7933000#502,鄭幸宜,07-7933000#524,001239@i-pass.com.tw,,,,,,,,,,,,,,,
110,11,110/11,4498846,13281202,17279390970,false,,5331513,2295983982,959972,28397252,572247310,1785100,0,0,33728765,2868231292,3843085,10381716646,973246,2093238,594749146,975420,5936323,10976465792,4055513,4326556675,918459,4055513,4326556675,51091,275133667,21031,51091,275133667,0,0,0,0,0,0,0,0,0,0,13281202,17279390970,2872708,30490490,1166996456,2760520,0,0,43771692,18446387426,一卡通票證股份有限公司,電子支付帳戶,交易金額,5331513,3843085,國內小額匯兌,51091,匯出款項,0,13281202,營運產品群電支營運部,廖滋鐶,07-7933000#502,鄭幸宜,07-7933000#524,001239@i-pass.com.tw,,,,,,,,,,,,,,,
110,10,110/10,4406335,13569038,16631431434,false,,6166988,2454212669,1048271,26831752,560203337,1766689,0,0,32998740,3014416006,3777926,10053657583,972177,2069070,584504365,968339,5846996,10638161948,3609706,4052206654,854821,3609706,4052206654,14418,71354528,8117,14418,71354528,0,0,0,0,0,0,0,0,0,0,13569038,16631431434,2883386,28900822,1144707702,2735028,0,0,42469860,17776139136,一卡通票證股份有限公司,電子支付帳戶,交易金額,6166988,3777926,國內小額匯兌,14418,匯出款項,0,13569038,營運產品群電支營運部,廖滋鐶,07-7933000#502,鄭幸宜,07-7933000#524,001239@i-pass.com.tw,,,,,,,,,,,,,,,
110,9,110/09,4286431,9670437,14307276892,false,,3808122,1979547456,921863,21335588,463973677,1464940,0,0,25143710,2443521133,2724008,8750455503,850593,1618383,481474477,781090,4342391,9231929980,3138307,3577273933,757769,3138307,3577273933,0,0,0,0,0,0,0,0,0,0,0,0,0,0,0,9670437,14307276892,2530225,22953971,945448154,2246030,0,0,32624408,15252725046,一卡通票證股份有限公司,電子支付帳戶,交易金額,3808122,2724008,國內小額匯兌,0,匯出款項,0,9670437,營運產品群電支營運部,廖滋鐶,07-7933000#502,鄭幸宜,07-7933000#524,001239@i-pass.com.tw,,,,,,,,,,,,,,,
110,8,110/08,4141280,10033277,14012679232,false,,4269854,1939933389,849290,15399487,402321573,1268083,0,0,19669341,2342254962,2615947,8501613143,794707,1373235,424801439,676839,3989182,8926414582,3147476,3571132700,698907,3147476,3571132700,0,0,0,0,0,0,0,0,0,0,0,0,0,0,0,10033277,14012679232,2342904,16772722,827123012,1944922,0,0,26805999,14839802244,一卡通票證股份有限公司,電子支付帳戶,交易金額,4269854,2615947,國內小額匯兌,0,匯出款項,0,10033277,營運產品群電支營運部,廖滋鐶,07-7933000#502,鄭幸宜,07-7933000#524,001239@i-pass.com.tw,,,,,,,,,,,,,,,
110,7,110/07,4020873,9182227,13626037646,false,,3808122,1979547456,776905,9770085,320897343,909336,0,0,13578207,2300444799,2450115,8275353962,745398,910105,327296094,453527,3360220,8602650056,2923990,3371136228,612266,2923990,3371136228,0,0,0,0,0,0,0,0,0,0,0,0,0,0,0,9182227,13626037646,2134569,10680190,648193437,1362863,0,0,19862417,14274231083,一卡通票證股份有限公司,電子支付帳戶,交易金額,3808122,2450115,國內小額匯兌,0,匯出款項,0,9182227,營運產品群電支營運部,廖滋鐶,07-7933000#502,鄭幸宜,07-7933000#524,001239@i-pass.com.tw,,,,,,,,,,,,,,,
110,6,110/06,7622770,12531698,6432570056,false,,3134782,1622213226,683957,2164120,7560914810,688254,2584143,3056148613,,,555091,0,0,0,0,0,,,0,0,0,,,0,0,0,,,0,0,0,,,0,0,0,,,7883045,12239276649,1927302,,,,,,,,一卡通票證股份有限公司,筆數,,,,,,,,,營運產品群電支營運部,廖滋鐶,07-7933000#502,鄭幸宜,07-7933000#524,001239@i-pass.com.tw,0,0,0,0,3134782,2164120,2584143,第4條第1項第1款業務- inbound,0,0,0,0,0,0,7883045
110,5,110/05,7316668,14600604,8152258452,false,,3652821,2047800854,722147,2022448,7681946162,664768,1990065,2522118064,,,512088,0,0,0,0,0,,,0,0,0,,,0,0,0,,,0,0,0,,,0,0,0,,,7665334,12251865080,1899003,,,,,,,,一卡通票證股份有限公司,筆數,,,,,,,,,營運產品群電支營運部,廖滋鐶,07-7933000#502,鄭幸宜,07-7933000#524,001239@i-pass.com.tw,0,0,0,0,3652821,2022448,1990065,第4條第1項第1款業務- inbound,0,0,0,0,0,0,7665334
110,4,110/04,7046452,14694248,7241408454,false,,3676254,1818844120,697185,1746028,6895514816,597336,1804022,2188213739,,,458375,0,0,0,0,0,,,0,0,0,,,0,0,0,,,0,0,0,,,0,0,0,,,7226304,10902572675,1752896,,,,,,,,一卡通票證股份有限公司,筆數,,,,,,,,,營運產品群電支營運部,廖滋鐶,07-7933000#502,鄭幸宜,07-7933000#524,001239@i-pass.com.tw,0,0,0,0,3676254,1746028,1804022,第4條第1項第1款業務- inbound,0,0,0,0,0,0,7226304
110,3,110/03,6828938,14253688,8124941584,false,,3566261,2110633527,678750,1688126,6558806294,577119,1744457,2065346775,,,424059,0,0,0,0,0,,,0,0,0,,,0,0,0,,,0,0,0,,,0,0,0,,,6998844,10734786596,1679928,,,,,,,,一卡通票證股份有限公司,筆數,,,,,,,,,營運產品群電支營運部,廖滋鐶,07-7933000#502,鄭幸宜,07-7933000#524,001239@i-pass.com.tw,0,0,0,0,3566261,1688126,1744457,第4條第1項第1款業務- inbound,0,0,0,0,0,0,6998844
110,2,110/02,6600882,10863896,5883035400,false,,2717797,1492254196,591941,1535154,5562089060,599480,1454650,1826832046,,,421995,0,0,0,0,0,,,0,0,0,,,0,0,0,,,0,0,0,,,0,0,0,,,5707601,8881175302,1613416,,,,,,,,一卡通票證股份有限公司,筆數,,,,,,,,,營運產品群電支營運部,廖滋鐶,07-7933000#502,鄭幸宜,07-7933000#524,001239@i-pass.com.tw,0,0,0,0,2717797,1535154,1454650,第4條第1項第1款業務- inbound,0,0,0,0,0,0,5707601
110,1,110/01,6292570,11268802,6575514780,false,,2819229,1665923022,579810,1370418,5357487206,492861,1408552,1679656493,,,352759,0,0,0,0,0,,,0,0,0,,,0,0,0,,,0,0,0,,,0,0,0,,,5598199,8703066721,1425430,,,,,,,,一卡通票證股份有限公司,筆數,,,,,,,,,營運產品群電支營運部,廖滋鐶,07-7933000#502,鄭幸宜,07-7933000#524,001239@i-pass.com.tw,0,0,0,0,2819229,1370418,1408552,第4條第1項第1款業務- inbound,0,0,0,0,0,0,5598199
109,12,109/12,6095996,11296278,8041676754,false,,2826781,2151843935,561527,1314515,5246735686,474288,1305140,1463736060,,,321268,0,0,0,0,0,,,0,0,0,,,0,0,0,,,0,0,0,,,0,0,0,,,5446436,8862315681,1357083,,,,,,,,一卡通票證股份有限公司,筆數,,,,,,,,,營運產品群電支營運部,廖滋鐶,07-7933000#502,鄭幸宜,07-7933000#524,001239@i-pass.com.tw,0,0,0,0,2826781,1314515,1305140,第4條第1項第1款業務- inbound,0,0,0,0,0,0,5446436
109,11,109/11,5905698,11018594,7624826680,false,,2757175,1916162356,542053,1199468,4655303106,447250,1111001,1261405102,,,284265,0,0,0,0,0,,,0,0,0,,,0,0,0,,,0,0,0,,,0,0,0,,,5067644,7832870564,1273568,,,,,,,,一卡通票證股份有限公司,筆數,,,,,,,,,營運產品群電支營運部,廖滋鐶,07-7933000#502,鄭幸宜,07-7933000#524,001239@i-pass.com.tw,0,0,0,0,2757175,1199468,1111001,第4條第1項第1款業務- inbound,0,0,0,0,0,0,5067644
109,10,109/10,5719456,10508560,6614273462,false,,2629385,1660421633,514832,1149366,4156956372,435811,978941,1113891533,,,258980,0,0,0,0,0,,,0,0,0,,,0,0,0,,,0,0,0,,,0,0,0,,,4757692,6931269538,1209623,,,,,,,,一卡通票證股份有限公司,筆數,,,,,,,,,營運產品群電支營運部,廖滋鐶,07-7933000#502,鄭幸宜,07-7933000#524,001239@i-pass.com.tw,0,0,0,0,2629385,1149366,978941,第4條第1項第1款業務- inbound,0,0,0,0,0,0,4757692
109,9,109/09,5543946,10938860,7578587292,false,,2736116,1899779899,516785,1210975,4282314141,435849,936155,1029406899,,,240216,0,0,0,0,0,,,0,0,0,,,0,0,0,,,0,0,0,,,0,0,0,,,4883246,7211500939,1192850,,,,,,,,一卡通票證股份有限公司,筆數,,,,,,,,,營運產品群電支營運部,廖滋鐶,07-7933000#502,鄭幸宜,07-7933000#524,001239@i-pass.com.tw,0,0,0,0,2736116,1210975,936155,第4條第1項第1款業務- inbound,0,0,0,0,0,0,4883246
109,8,109/08,5338458,10297872,6329024362,false,,2572051,1583623224,468628,1037940,3631023668,389448,827191,914081669,,,213853,0,0,0,0,0,,,0,0,0,,,0,0,0,,,0,0,0,,,0,0,0,,,4437182,6128728561,1071929,,,,,,,,一卡通票證股份有限公司,筆數,,,,,,,,,營運產品群電支營運部,廖滋鐶,07-7933000#502,鄭幸宜,07-7933000#524,001239@i-pass.com.tw,0,0,0,0,2572051,1037940,827191,第4條第1項第1款業務- inbound,0,0,0,0,0,0,4437182
109,7,109/07,5142984,0,0,false,,2480224,1349278394,,972511,3246360592,,806334,851964618,,,,0,0,,0,0,,,,0,0,,,,0,0,,,,,,,,,0,0,,,4259069,5447603604,,,,,,,,,一卡通票證股份有限公司,筆數,,,,,,,,,營運產品群電支營運部,廖滋鐶,07-7933000#502,鄭幸宜,07-7933000#524,001239@i-pass.com.tw,,0,0,,2480224,972511,806334,第4條第1項第1款業務- inbound,0,0,0,,0,0,4259069
109,6,109/06,4899990,0,0,false,,1885440,1148041482,,768012,2786012240,,462047,775691103,,,,0,0,,0,0,,,,0,0,,,,0,0,,,,,,,,,0,0,,,3115499,4709744825,,,,,,,,,一卡通票證股份有限公司,筆數,,,,,,,,,營運產品群電支營運部,廖滋鐶,07-7933000#502,鄭幸宜,07-7933000#524,001239@i-pass.com.tw,,0,0,,1885440,768012,462047,第4條第1項第1款業務- inbound,0,0,0,,0,0,3115499
109,5,109/05,4736996,0,0,false,,1764392,974903334,,732333,2506147124,,657036,693071788,,,,0,0,,0,0,,,,0,0,,,,0,0,,,,,,,,,0,0,,,3153761,4174122246,,,,,,,,,一卡通票證股份有限公司,筆數,,,,,,,,,營運產品群電支營運部,廖滋鐶,07-7933000#502,鄭幸宜,07-7933000#524,001239@i-pass.com.tw,,0,0,,1764392,732333,657036,第4條第1項第1款業務- inbound,0,0,0,,0,0,3153761
109,4,109/04,4585854,0,0,false,,1393333,687469655,,596836,1983540110,,576003,583975861,,,,0,0,,0,0,,,,0,0,,,,0,0,,,,,,,,,0,0,,,2566172,3254985626,,,,,,,,,一卡通票證股份有限公司,筆數,,,,,,,,,營運產品群電支營運部,廖滋鐶,07-7933000#502,鄭幸宜,07-7933000#524,001239@i-pass.com.tw,,0,0,,1393333,596836,576003,第4條第1項第1款業務- inbound,0,0,0,,0,0,2566172
109,3,109/03,4439094,0,0,false,,1312892,311762866,,498470,1506026305,,548602,555434193,,,,0,0,,0,0,,,,0,0,,,,0,0,,,,,,,,,0,0,,,2359964,2373223364,,,,,,,,,一卡通票證股份有限公司,筆數,,,,,,,,,營運產品群電支營運部,廖滋鐶,07-7933000#502,鄭幸宜,07-7933000#524,001239@i-pass.com.tw,,0,0,,1312892,498470,548602,第4條第1項第1款業務- inbound,0,0,0,,0,0,2359964
109,2,109/02,4323550,0,0,false,,1167615,288500976,,442328,1360855198,,454077,479710977,,,,0,0,,0,0,,,,0,0,,,,0,0,,,,,,,,,0,0,,,2064020,2129067151,,,,,,,,,一卡通票證股份有限公司,筆數,,,,,,,,,營運產品群電支營運部,廖滋鐶,07-7933000#502,鄭幸宜,07-7933000#524,001239@i-pass.com.tw,,0,0,,1167615,442328,454077,第4條第1項第1款業務- inbound,0,0,0,,0,0,2064020
109,1,109/01,4202032,0,0,false,,1252000,317047813,,476293,1446993209,,475361,564263175,,,,0,0,,0,0,,,,0,0,,,,0,0,,,,,,,,,0,0,,,2203654,2328304197,,,,,,,,,一卡通票證股份有限公司,筆數,,,,,,,,,營運產品群電支營運部,廖滋鐶,07-7933000#502,鄭幸宜,07-7933000#524,001239@i-pass.com.tw,,0,0,,1252000,476293,475361,第4條第1項第1款業務- inbound,0,0,0,,0,0,2203654
108,12,108/12,4055020,0,0,false,,1509961,587396803,,579224,1439861919,,462047,515459597,,,,0,0,,0,0,,,,0,0,,,,0,0,,,,,,,,,0,0,,,2551232,2542718319,,,,,,,,,一卡通票證股份有限公司,筆數,,,,,,,,,營運產品群電支營運部,廖滋鐶,07-7933000#502,鄭幸宜,07-7933000#524,001239@i-pass.com.tw,,0,0,,1509961,579224,462047,第4條第1項第1款業務- inbound,0,0,0,,0,0,2551232
108,11,108/11,3909104,0,0,false,,1549664,556698128,,568220,1370753431,,401156,430059912,,,,0,0,,0,0,,,,0,0,,,,0,0,,,,,,,,,0,0,,,2519040,2357511471,,,,,,,,,一卡通票證股份有限公司,筆數,,,,,,,,,營運產品群電支營運部,廖滋鐶,07-7933000#502,鄭幸宜,07-7933000#524,001239@i-pass.com.tw,,0,0,,1549664,568220,401156,第4條第1項第1款業務- inbound,0,0,0,,0,0,2519040
108,10,108/10,3748158,0,0,false,,1152406,326957235,,413164,1055245774,,375993,398216311,,,,0,0,,0,0,,,,0,0,,,,0,0,,,,,,,,,0,0,,,1941563,1780419320,,,,,,,,,一卡通票證股份有限公司,筆數,,,,,,,,,營運產品群電支營運部,廖滋鐶,07-7933000#502,鄭幸宜,07-7933000#524,001239@i-pass.com.tw,,0,0,,1152406,413164,375993,第4條第1項第1款業務- inbound,0,0,0,,0,0,1941563
108,9,108/09,3591180,0,0,false,,1134859,235873708,,390538,888251504,,330191,360827143,,,,0,0,,0,0,,,,0,0,,,,0,0,,,,,,,,,0,0,,,1855588,1484952355,,,,,,,,,一卡通票證股份有限公司,筆數,,,,,,,,,營運產品群電支營運部,廖滋鐶,07-7933000#502,鄭幸宜,07-7933000#524,001239@i-pass.com.tw,,0,0,,1134859,390538,330191,第4條第1項第1款業務- inbound,0,0,0,,0,0,1855588
108,8,108/08,3469366,0,0,false,,725967,172619402,,316928,772652067,,313151,333851436,,,,0,0,,0,0,,,,0,0,,,,0,0,,,,,,,,,0,0,,,1356046,1279122905,,,,,,,,,一卡通票證股份有限公司,筆數,,,,,,,,,營運產品群電支營運部,廖滋鐶,07-7933000#502,鄭幸宜,07-7933000#524,001239@i-pass.com.tw,,0,0,,725967,316928,313151,第4條第1項第1款業務- inbound,0,0,0,,0,0,1356046
108,7,108/07,3335966,0,0,false,,691469,137633863,,292281,633686929,,295269,294598608,,,,0,0,,0,0,,,,0,0,,,,0,0,,,,,,,,,0,0,,,1279019,1065919400,,,,,,,,,一卡通票證股份有限公司,筆數,,,,,,,,,營運產品群電支營運部,廖滋鐶,07-7933000#502,鄭幸宜,07-7933000#524,001239@i-pass.com.tw,,0,0,,691469,292281,295269,第4條第1項第1款業務- inbound,0,0,0,,0,0,1279019
108,6,108/06,3189140,0,0,false,,794469,118633634,,307359,546707106,,259615,251004062,,,,0,0,,0,0,,,,0,0,,,,0,0,,,,,,,,,0,0,,,1361443,916344802,,,,,,,,,一卡通票證股份有限公司,筆數,,,,,,,,,營運產品群電支營運部,廖滋鐶,07-7933000#502,鄭幸宜,07-7933000#524,001239@i-pass.com.tw,,0,0,,794469,307359,259615,第4條第1項第1款業務- inbound,0,0,0,,0,0,1361443
108,5,108/05,3065574,0,0,false,,724876,119439753,,294513,540075584,,265168,236009729,,,,0,0,,0,0,,,,0,0,,,,0,0,,,,,,,,,0,0,,,1284557,895525066,,,,,,,,,一卡通票證股份有限公司,筆數,,,,,,,,,營運產品群電支營運部,廖滋鐶,07-7933000#502,鄭幸宜,07-7933000#524,001239@i-pass.com.tw,,0,0,,724876,294513,265168,第4條第1項第1款業務- inbound,0,0,0,,0,0,1284557
108,4,108/04,2925872,0,0,false,,638626,102372428,,259680,498108724,,236810,219199498,,,,0,0,,0,0,,,,0,0,,,,0,0,,,,,,,,,0,0,,,1135116,819680650,,,,,,,,,一卡通票證股份有限公司,筆數,,,,,,,,,營運產品群電支營運部,廖滋鐶,07-7933000#502,鄭幸宜,07-7933000#524,001239@i-pass.com.tw,,0,0,,638626,259680,236810,第4條第1項第1款業務- inbound,0,0,0,,0,0,1135116
108,3,108/03,2776814,0,0,false,,564913,79137490,,244396,439997897,,234009,198734802,,,,0,0,,0,0,,,,0,0,,,,0,0,,,,,,,,,0,0,,,1043318,717870189,,,,,,,,,一卡通票證股份有限公司,筆數,,,,,,,,,營運產品群電支營運部,廖滋鐶,07-7933000#502,鄭幸宜,07-7933000#524,001239@i-pass.com.tw,,0,0,,564913,244396,234009,第4條第1項第1款業務- inbound,0,0,0,,0,0,1043318
108,2,108/02,2611642,0,0,false,,422023,67441672,,259405,411873508,,1883009,707787850,,,,0,0,,0,0,,,,0,0,,,,0,0,,,,,,,,,0,0,,,2564437,1187103030,,,,,,,,,一卡通票證股份有限公司,筆數,,,,,,,,,營運產品群電支營運部,廖滋鐶,07-7933000#502,鄭幸宜,07-7933000#524,001239@i-pass.com.tw,,0,0,,422023,259405,1883009,第4條第1項第1款業務- inbound,0,0,0,,0,0,2564437
108,1,108/01,2198460,0,0,false,,440125,62417382,,209074,399459829,,203747,189378840,,,,0,0,,0,0,,,,0,0,,,,0,0,,,,,,,,,0,0,,,852946,651256051,,,,,,,,,一卡通票證股份有限公司,筆數,,,,,,,,,營運產品群電支營運部,廖滋鐶,07-7933000#502,鄭幸宜,07-7933000#524,001239@i-pass.com.tw,,0,0,,440125,209074,203747,第4條第1項第1款業務- inbound,0,0,0,,0,0,852946
107,12,107/12,2013642,0,0,false,,414151,52579757,,191445,349654820,,188912,150673074,,,,0,0,,0,0,,,,0,0,,,,0,0,,,,,,,,,0,0,,,794508,552907651,,,,,,,,,一卡通票證股份有限公司,筆數,,,,,,,,,營運產品群電支營運部,廖滋鐶,07-7933000#502,鄭幸宜,07-7933000#524,001239@i-pass.com.tw,,0,0,,414151,191445,188912,第4條第1項第1款業務- inbound,0,0,0,,0,0,794508
107,11,107/11,1806592,0,0,false,,370012,43899496,,201677,336502821,,179084,124077732,,,,0,0,,0,0,,,,0,0,,,,0,0,,,,,,,,,0,0,,,750773,504480049,,,,,,,,,一卡通票證股份有限公司,筆數,,,,,,,,,營運產品群電支營運部,廖滋鐶,07-7933000#502,鄭幸宜,07-7933000#524,001239@i-pass.com.tw,,0,0,,370012,201677,179084,第4條第1項第1款業務- inbound,0,0,0,,0,0,750773
107,10,107/10,1412980,0,0,false,,203391,14964754,,270214,275308894,,211916,105439925,,,,0,0,,0,0,,,,0,0,,,,0,0,,,,,,,,,0,0,,,685521,395713573,,,,,,,,,一卡通票證股份有限公司,筆數,,,,,,,,,營運產品群電支營運部,廖滋鐶,07-7933000#502,鄭幸宜,07-7933000#524,001239@i-pass.com.tw,,0,0,,203391,270214,211916,第4條第1項第1款業務- inbound,0,0,0,,0,0,685521
107,9,107/09,1035186,0,0,false,,132613,8000190,,6881047,281124735,,7940978,556507063,,,,0,0,,0,0,,,,0,0,,,,0,0,,,,,,,,,0,0,,,14954638,845631988,,,,,,,,,一卡通票證股份有限公司,筆數,,,,,,,,,營運產品群電支營運部,廖滋鐶,07-7933000#502,鄭幸宜,07-7933000#524,001239@i-pass.com.tw,,0,0,,132613,6881047,7940978,第4條第1項第1款業務- inbound,0,0,0,,0,0,14954638