yr,mn,ym,c1,c2,c3,editable,[0].amt,[1].amt,[2].amt,[3].amt,[4].amt,[5].amt,[6].amt,[7].amt,[8].amt,[9].amt,[10].amt,[11].amt,[12].amt,[13].amt,[14].amt,_1900A,_1900B,_1900C,[15].amt,[16].amt,[17].amt,[18].amt,[19].amt,[20].amt,_2900A,_2900B,_2900C,[21].amt,[22].amt,[23].amt,[24].amt,[25].amt,[26].amt,_3900A,_3900B,_3900C,_4900A,_4900B,_4900C,機構名稱,使用者類別,電子支付帳戶,非個人使用者,法人,行號,其他團體,小計 (A),外國籍使用者(含取得居留證者),非個人使用者(限法人),小計 (B),大陸地區以外,小計 (C),總計 (D = A + B + C),維護部門名稱,主管姓名,主管電話,承辦人姓名,承辦人電話,承辦人E-MAIL,[27].amt,[28].amt,[29].amt,[30].amt,[31].amt,[32].amt,[33].amt,[34].amt,[35].amt,[36].amt,[37].amt,[38].amt,[39].amt,[40].amt,[41].amt,_5900A,_5900B,_5900C,[42].amt,[43].amt,[44].amt,[45].amt,[46].amt,[47].amt,_6900A,_6900B,_6900C,[48].amt,[49].amt,[50].amt,[51].amt,[52].amt,[53].amt,_7900A,_7900B,_7900C,_8900A,_8900B,_8900C,資料月份,所有使用者(含與境外機構合作或協助從事電子支付機構業務相關行為客戶),本業使用者(不含與境外機構合作或協助從事電子支付機構業務相關行為客戶),小計 (a),小計 (b),小計 (c),總計 (d = a + b + c)
115,2,115/02,7195986,5756586,9012217316,false,7032755,5737228,8987536059,247,1,700,42356,1566,3132000,78025,0,0,1331,0,0,7154714,5738795,8990668759,12774,5153,6181950,0,0,0,12774,5153,6181950,28498,12638,15366607,0,0,0,28498,12638,15366607,7195986,5756586,9012217316,一卡通票證股份有限公司,使用者人數,本國籍使用者,政府機關,42356,78025,1331,7154714,大陸地區,0,12774,個人使用者,28498,7195986,營運產品群電支營運部,廖滋鐶,07-7933000#502,鄭幸宜,07-7933000#524,001239@i-pass.com.tw,,,,,,,,,,,,,,,,,,,,,,,,,,,,,,,,,,,,,,,,,,,,,,
115,1,115/01,7165818,5721309,9732557295,false,7001916,5697539,9705850895,246,54,23650,42504,0,0,78533,0,0,1331,0,0,7124530,5697593,9705874545,12792,6686,8767078,0,0,0,12792,6686,8767078,28496,17030,17915672,0,0,0,28496,17030,17915672,7165818,5721309,9732557295,一卡通票證股份有限公司,使用者人數,本國籍使用者,政府機關,42504,78533,1331,7124530,大陸地區,0,12792,個人使用者,28496,7165818,營運產品群電支營運部,廖滋鐶,07-7933000#502,鄭幸宜,07-7933000#524,001239@i-pass.com.tw,,,,,,,,,,,,,,,,,,,,,,,,,,,,,,,,,,,,,,,,,,,,,,
114,12,114/12,7156026,13711432,18012958535,false,6983119,13660674,17954221941,246,6,2880,44359,1,6,85638,0,0,1332,0,0,7114694,13660681,17954224827,12820,17192,20417302,0,0,0,12820,17192,20417302,28512,33559,38316406,0,0,0,28512,33559,38316406,7156026,13711432,18012958535,一卡通票證股份有限公司,使用者人數,本國籍使用者,政府機關,44359,85638,1332,7114694,大陸地區,0,12820,個人使用者,28512,7156026,營運產品群電支營運部,廖滋鐶,07-7933000#502,鄭幸宜,07-7933000#524,001239@i-pass.com.tw,,,,,,,,,,,,,,,,,,,,,,,,,,,,,,,,,,,,,,,,,,,,,,
114,11,114/11,7133559,31431925,35791802250,false,6960854,31329762,35698612689,245,5,1980,44309,1,38,85564,0,0,1330,0,0,7092302,31329768,35698614707,12816,34232,33767202,0,0,0,12816,34232,33767202,28441,67925,59420341,0,0,0,28441,67925,59420341,7133559,31431925,35791802250,一卡通票證股份有限公司,使用者人數,本國籍使用者,政府機關,44309,85564,1330,7092302,大陸地區,0,12816,個人使用者,28441,7133559,營運產品群電支營運部,廖滋鐶,07-7933000#502,鄭幸宜,07-7933000#524,001239@i-pass.com.tw,,,,,,,,,,,,,,,,,,,,,,,,,,,,,,,,,,,,,,,,,,,,,,
114,10,114/10,7109281,31677548,35421524342,false,6935695,31574826,35334217777,244,5,2100,44299,1,1000,86777,0,0,1330,0,0,7068345,31574832,35334220877,12761,33864,31361300,0,0,0,12761,33864,31361300,28175,68852,55942165,0,0,0,28175,68852,55942165,7109281,31677548,35421524342,一卡通票證股份有限公司,使用者人數,本國籍使用者,政府機關,44299,86777,1330,7068345,大陸地區,0,12761,個人使用者,28175,7109281,營運產品群電支營運部,廖滋鐶,07-7933000#502,鄭幸宜,07-7933000#524,001239@i-pass.com.tw,,,,,,,,,,,,,,,,,,,,,,,,,,,,,,,,,,,,,,,,,,,,,,
114,9,114/09,7080405,31805477,35766019008,false,6907116,31708681,35680273238,244,6,2580,44286,1,3,86891,0,0,1330,0,0,7039867,31708688,35680275821,12705,32214,30205315,0,0,0,12705,32214,30205315,27833,64575,55537872,0,0,0,27833,64575,55537872,7080405,31805477,35766019008,一卡通票證股份有限公司,使用者人數,本國籍使用者,政府機關,44286,86891,1330,7039867,大陸地區,0,12705,個人使用者,27833,7080405,營運產品群電支營運部,廖滋鐶,07-7933000#502,鄭幸宜,07-7933000#524,001239@i-pass.com.tw,,,,,,,,,,,,,,,,,,,,,,,,,,,,,,,,,,,,,,,,,,,,,,
114,8,114/08,7048199,32634304,35845950057,false,6874185,32509121,35739915683,243,11,3750,44440,0,0,87706,0,0,1330,0,0,7007904,32509132,35739919433,12799,40709,38162262,0,0,0,12799,40709,38162262,27496,84463,67868362,0,0,0,27496,84463,67868362,7048199,32634304,35845950057,一卡通票證股份有限公司,使用者人數,本國籍使用者,政府機關,44440,87706,1330,7007904,大陸地區,0,12799,個人使用者,27496,7048199,營運產品群電支營運部,廖滋鐶,07-7933000#502,鄭幸宜,07-7933000#524,001239@i-pass.com.tw,,,,,,,,,,,,,,,,,,,,,,,,,,,,,,,,,,,,,,,,,,,,,,
114,7,114/07,7016659,32894353,36242693688,false,6842983,32744607,36122440556,243,123,85862,44402,117,191000,87625,0,0,1327,0,0,6976580,32744847,36122717418,12800,50609,45173271,0,0,0,12800,50609,45173271,27279,98897,74802999,0,0,0,27279,98897,74802999,7016659,32894353,36242693688,一卡通票證股份有限公司,使用者人數,本國籍使用者,政府機關,44402,87625,1327,6976580,大陸地區,0,12800,個人使用者,27279,7016659,營運產品群電支營運部,廖滋鐶,07-7933000#502,鄭幸宜,07-7933000#524,001239@i-pass.com.tw,,,,,,,,,,,,,,,,,,,,,,,,,,,,,,,,,,,,,,,,,,,,,,
114,6,114/06,6980934,32506143,35515956568,false,6807625,32440986,35497845503,241,7,2760,44284,114,207000,87794,0,0,1321,0,0,6941265,32441107,35498055263,12759,20734,6087559,0,0,0,12759,20734,6087559,26910,44302,11813746,0,0,0,26910,44302,11813746,6980934,32506143,35515956568,一卡通票證股份有限公司,使用者人數,本國籍使用者,政府機關,44284,87794,1321,6941265,大陸地區,0,12759,個人使用者,26910,6980934,營運產品群電支營運部,廖滋鐶,07-7933000#502,鄭幸宜,07-7933000#524,001239@i-pass.com.tw,,,,,,,,,,,,,,,,,,,,,,,,,,,,,,,,,,,,,,,,,,,,,,
114,5,114/05,6941973,32747928,36056813011,false,6769503,32680915,36037217019,237,60,69066,44080,100,184000,87565,0,0,1312,0,0,6902697,32681075,36037470085,12656,21470,6284757,0,0,0,12656,21470,6284757,26620,45383,13058169,0,0,0,26620,45383,13058169,6941973,32747928,36056813011,一卡通票證股份有限公司,使用者人數,本國籍使用者,政府機關,44080,87565,1312,6902697,大陸地區,0,12656,個人使用者,26620,6941973,營運產品群電支營運部,廖滋鐶,07-7933000#502,鄭幸宜,07-7933000#524,001239@i-pass.com.tw,,,,,,,,,,,,,,,,,,,,,,,,,,,,,,,,,,,,,,,,,,,,,,
114,4,114/04,6903178,30895960,34964936164,false,6731239,30831514,34945285075,230,7,2050,43854,1661,1738500,87649,0,0,1306,0,0,6864278,30833182,34947025625,12589,20247,6131393,0,0,0,12589,20247,6131393,26311,42531,11779146,0,0,0,26311,42531,11779146,6903178,30895960,34964936164,一卡通票證股份有限公司,使用者人數,本國籍使用者,政府機關,43854,87649,1306,6864278,大陸地區,0,12589,個人使用者,26311,6903178,營運產品群電支營運部,廖滋鐶,07-7933000#502,鄭幸宜,07-7933000#524,001239@i-pass.com.tw,,,,,,,,,,,,,,,,,,,,,,,,,,,,,,,,,,,,,,,,,,,,,,
114,3,114/03,6866307,31620257,36148869506,false,6695093,31556987,36130637039,230,49,33859,43640,99,166532,87552,0,0,1294,0,0,6827809,31557135,36130837430,12487,20496,6076350,0,0,0,12487,20496,6076350,26011,42626,11955726,0,0,0,26011,42626,11955726,6866307,31620257,36148869506,一卡通票證股份有限公司,使用者人數,本國籍使用者,政府機關,43640,87552,1294,6827809,大陸地區,0,12487,個人使用者,26011,6866307,營運產品群電支營運部,廖滋鐶,07-7933000#502,鄭幸宜,07-7933000#524,001239@i-pass.com.tw,,,,,,,,,,,,,,,,,,,,,,,,,,,,,,,,,,,,,,,,,,,,,,
114,2,114/02,6823897,27389143,33261654693,false,6654135,27340042,33245144736,230,3,700,43284,101,189000,86931,2,18,1285,0,0,6785865,27340148,33245334454,12375,16205,5719495,0,0,0,12375,16205,5719495,25657,32790,10600744,0,0,0,25657,32790,10600744,6823897,27389143,33261654693,一卡通票證股份有限公司,使用者人數,本國籍使用者,政府機關,43284,86931,1285,6785865,大陸地區,0,12375,個人使用者,25657,6823897,營運產品群電支營運部,廖滋鐶,07-7933000#502,鄭幸宜,07-7933000#524,001239@i-pass.com.tw,,,,,,,,,,,,,,,,,,,,,,,,,,,,,,,,,,,,,,,,,,,,,,
114,1,114/01,6774615,30876311,40580401634,false,6605548,30822784,40559906305,230,37,12980,43136,1652,3287500,86812,2,11,1280,0,0,6737006,30824475,40563206796,12248,17363,6200594,0,0,0,12248,17363,6200594,25361,34473,10994244,0,0,0,25361,34473,10994244,6774615,30876311,40580401634,一卡通票證股份有限公司,使用者人數,本國籍使用者,政府機關,43136,86812,1280,6737006,大陸地區,0,12248,個人使用者,25361,6774615,營運產品群電支營運部,廖滋鐶,07-7933000#502,鄭幸宜,07-7933000#524,001239@i-pass.com.tw,,,,,,,,,,,,,,,,,,,,,,,,,,,,,,,,,,,,,,,,,,,,,,
113,12,113/12,6684320,30384995,35659579130,false,6516426,30323249,35641203398,230,172,211374,42872,109,191000,86387,4,1281,1277,0,0,6647192,30323534,35641607053,12123,20004,6241764,0,0,0,12123,20004,6241764,25005,41457,11730313,0,0,0,25005,41457,11730313,6684320,30384995,35659579130,一卡通票證股份有限公司,使用者人數,本國籍使用者,政府機關,42872,86387,1277,6647192,大陸地區,0,12123,個人使用者,25005,6684320,營運產品群電支營運部,廖滋鐶,07-7933000#502,鄭幸宜,07-7933000#524,001239@i-pass.com.tw,,,,,,,,,,,,,,,,,,,,,,,,,,,,,,,,,,,,,,,,,,,,,,
113,11,113/11,6639696,28583869,33712133954,false,6473027,28524602,33693449615,230,17,6460,42571,133,218000,85870,0,0,1271,0,0,6602969,28524752,33693674075,12005,18800,6228086,0,0,0,12005,18800,6228086,24722,40317,12231793,0,0,0,24722,40317,12231793,6639696,28583869,33712133954,一卡通票證股份有限公司,使用者人數,本國籍使用者,政府機關,42571,85870,1271,6602969,大陸地區,0,12005,個人使用者,24722,6639696,營運產品群電支營運部,廖滋鐶,07-7933000#502,鄭幸宜,07-7933000#524,001239@i-pass.com.tw,,,,,,,,,,,,,,,,,,,,,,,,,,,,,,,,,,,,,,,,,,,,,,
113,10,113/10,6597430,27736925,33879415045,false,6432236,27679573,33861313838,228,127,142238,42211,104,164032,85207,1,5,1264,0,0,6561146,27679805,33861620113,11889,17848,5986434,0,0,0,11889,17848,5986434,24395,39272,11808498,0,0,0,24395,39272,11808498,6597430,27736925,33879415045,一卡通票證股份有限公司,使用者人數,本國籍使用者,政府機關,42211,85207,1264,6561146,大陸地區,0,11889,個人使用者,24395,6597430,營運產品群電支營運部,廖滋鐶,07-7933000#502,鄭幸宜,07-7933000#524,001239@i-pass.com.tw,,,,,,,,,,,,,,,,,,,,,,,,,,,,,,,,,,,,,,,,,,,,,,
113,9,113/09,6552346,27175696,33237402493,false,6388590,27121695,33220300362,225,6,2400,41882,92,147500,84604,0,0,1259,0,0,6516560,27121793,33220450262,11732,17169,5908578,0,0,0,11732,17169,5908578,24054,36734,11043653,0,0,0,24054,36734,11043653,6552346,27175696,33237402493,一卡通票證股份有限公司,使用者人數,本國籍使用者,政府機關,41882,84604,1259,6516560,大陸地區,0,11732,個人使用者,24054,6552346,營運產品群電支營運部,廖滋鐶,07-7933000#502,鄭幸宜,07-7933000#524,001239@i-pass.com.tw,,,,,,,,,,,,,,,,,,,,,,,,,,,,,,,,,,,,,,,,,,,,,,
113,8,113/08,6501946,27791667,35267161429,false,6339728,27736942,35241190414,224,121,57880,41526,438,8115593,83918,2,9,1251,1,2,6466647,27737504,35249363898,11583,17103,6082291,0,0,0,11583,17103,6082291,23716,37060,11715240,0,0,0,23716,37060,11715240,6501946,27791667,35267161429,一卡通票證股份有限公司,使用者人數,本國籍使用者,政府機關,41526,83918,1251,6466647,大陸地區,0,11583,個人使用者,23716,6501946,營運產品群電支營運部,廖滋鐶,07-7933000#502,鄭幸宜,07-7933000#524,001239@i-pass.com.tw,,,,,,,,,,,,,,,,,,,,,,,,,,,,,,,,,,,,,,,,,,,,,,
113,7,113/07,6448719,26536579,34776922285,false,6288152,26482546,34751807752,223,392,435126,41083,407,7812096,83112,2,785,1241,0,0,6413811,26483347,34760055759,11455,16741,5709555,0,0,0,11455,16741,5709555,23453,36491,11156971,0,0,0,23453,36491,11156971,6448719,26536579,34776922285,一卡通票證股份有限公司,使用者人數,本國籍使用者,政府機關,41083,83112,1241,6413811,大陸地區,0,11455,個人使用者,23453,6448719,營運產品群電支營運部,廖滋鐶,07-7933000#502,鄭幸宜,07-7933000#524,001239@i-pass.com.tw,,,,,,,,,,,,,,,,,,,,,,,,,,,,,,,,,,,,,,,,,,,,,,
113,6,113/06,6403013,25687140,32857739895,false,6243859,25630084,32830467916,223,98,34670,40696,1954,10388927,82443,0,0,1232,1,7,6368453,25632137,32840891520,11364,17874,5820744,0,0,0,11364,17874,5820744,23196,37129,11027631,0,0,0,23196,37129,11027631,6403013,25687140,32857739895,一卡通票證股份有限公司,使用者人數,本國籍使用者,政府機關,40696,82443,1232,6368453,大陸地區,0,11364,個人使用者,23196,6403013,營運產品群電支營運部,廖滋鐶,07-7933000#502,鄭幸宜,07-7933000#524,001239@i-pass.com.tw,,,,,,,,,,,,,,,,,,,,,,,,,,,,,,,,,,,,,,,,,,,,,,
113,5,113/05,6361749,26605786,33444190262,false,6203990,26545956,33417679791,222,187,118901,40329,1946,9486345,81740,0,0,1227,0,0,6327508,26548089,33427285037,11272,18261,5466752,0,0,0,11272,18261,5466752,22969,39436,11438473,0,0,0,22969,39436,11438473,6361749,26605786,33444190262,一卡通票證股份有限公司,使用者人數,本國籍使用者,政府機關,40329,81740,1227,6327508,大陸地區,0,11272,個人使用者,22969,6361749,營運產品群電支營運部,廖滋鐶,07-7933000#502,鄭幸宜,07-7933000#524,001239@i-pass.com.tw,,,,,,,,,,,,,,,,,,,,,,,,,,,,,,,,,,,,,,,,,,,,,,
113,4,113/04,6317427,24422876,31788120551,false,6161335,24369711,31765689446,222,234,191490,39897,420,7524604,80926,0,0,1216,0,0,6283596,24370365,31773405540,11156,16446,4936495,0,0,0,11156,16446,4936495,22675,36065,9778516,0,0,0,22675,36065,9778516,6317427,24422876,31788120551,一卡通票證股份有限公司,使用者人數,本國籍使用者,政府機關,39897,80926,1216,6283596,大陸地區,0,11156,個人使用者,22675,6317427,營運產品群電支營運部,廖滋鐶,07-7933000#502,鄭幸宜,07-7933000#524,001239@i-pass.com.tw,,,,,,,,,,,,,,,,,,,,,,,,,,,,,,,,,,,,,,,,,,,,,,
113,3,113/03,6276043,25030885,32879140983,false,6121694,24977613,32854967418,200,178,85799,39472,402,7560180,80075,0,0,1207,0,0,6242648,24978193,32862613397,11040,16502,5379240,0,0,0,11040,16502,5379240,22355,36190,11148346,0,0,0,22355,36190,11148346,6276043,25030885,32879140983,一卡通票證股份有限公司,使用者人數,本國籍使用者,政府機關,39472,80075,1207,6242648,大陸地區,0,11040,個人使用者,22355,6276043,營運產品群電支營運部,廖滋鐶,07-7933000#502,鄭幸宜,07-7933000#524,001239@i-pass.com.tw,,,,,,,,,,,,,,,,,,,,,,,,,,,,,,,,,,,,,,,,,,,,,,
113,2,113/02,6227388,22732207,32962742950,false,6075331,22694935,32918709165,188,57,20740,38886,1929,30732551,78941,0,0,1189,0,0,6194535,22696921,32949462456,10881,11272,4452931,0,0,0,10881,11272,4452931,21972,24014,8827563,0,0,0,21972,24014,8827563,6227388,22732207,32962742950,一卡通票證股份有限公司,使用者人數,本國籍使用者,政府機關,38886,78941,1189,6194535,大陸地區,0,10881,個人使用者,21972,6227388,營運產品群電支營運部,廖滋鐶,07-7933000#502,鄭幸宜,07-7933000#524,001239@i-pass.com.tw,,,,,,,,,,,,,,,,,,,,,,,,,,,,,,,,,,,,,,,,,,,,,,
113,1,113/01,6120471,23604352,32704174315,false,5970479,23557974,32665138154,188,249,177850,38410,609,24021124,77881,0,0,1185,0,0,6088143,23558832,32689337128,10703,13859,5164472,0,0,0,10703,13859,5164472,21625,31661,9672715,0,0,0,21625,31661,9672715,6120471,23604352,32704174315,一卡通票證股份有限公司,使用者人數,本國籍使用者,政府機關,38410,77881,1185,6088143,大陸地區,0,10703,個人使用者,21625,6120471,營運產品群電支營運部,廖滋鐶,07-7933000#502,鄭幸宜,07-7933000#524,001239@i-pass.com.tw,,,,,,,,,,,,,,,,,,,,,,,,,,,,,,,,,,,,,,,,,,,,,,
112,12,112/12,6070995,23565666,30144974859,false,5923017,23517704,30122432659,187,205,312708,37897,384,7782635,76863,0,0,1175,0,0,6039139,23518293,30130528002,10570,14413,4928215,0,0,0,10570,14413,4928215,21286,32960,9518642,0,0,0,21286,32960,9518642,6070995,23565666,30144974859,一卡通票證股份有限公司,使用者人數,本國籍使用者,政府機關,37897,76863,1175,6039139,大陸地區,0,10570,個人使用者,21286,6070995,營運產品群電支營運部,廖滋鐶,07-7933000#502,鄭幸宜,07-7933000#524,001239@i-pass.com.tw,,,,,,,,,,,,,,,,,,,,,,,,,,,,,,,,,,,,,,,,,,,,,,
112,11,112/11,6022807,22062020,28881567447,false,5876796,22014522,28858447306,173,205,218707,37432,384,6963105,75891,0,0,1164,0,0,5991456,22015111,28865629118,10413,14136,4943998,0,0,0,10413,14136,4943998,20938,32773,10994331,0,0,0,20938,32773,10994331,6022807,22062020,28881567447,一卡通票證股份有限公司,使用者人數,本國籍使用者,政府機關,37432,75891,1164,5991456,大陸地區,0,10413,個人使用者,20938,6022807,營運產品群電支營運部,廖滋鐶,07-7933000#502,鄭幸宜,07-7933000#524,001239@i-pass.com.tw,,,,,,,,,,,,,,,,,,,,,,,,,,,,,,,,,,,,,,,,,,,,,,
112,10,112/10,5978176,21421639,28306663878,false,5834654,21376646,28284489305,173,277,318933,36776,349,6896546,74627,0,0,1148,0,0,5947378,21377272,28291704784,10234,13689,4945860,0,0,0,10234,13689,4945860,20564,30678,10013234,0,0,0,20564,30678,10013234,5978176,21421639,28306663878,一卡通票證股份有限公司,使用者人數,本國籍使用者,政府機關,36776,74627,1148,5947378,大陸地區,0,10234,個人使用者,20564,5978176,營運產品群電支營運部,廖滋鐶,07-7933000#502,鄭幸宜,07-7933000#524,001239@i-pass.com.tw,,,,,,,,,,,,,,,,,,,,,,,,,,,,,,,,,,,,,,,,,,,,,,
112,9,112/09,5960039,20617425,27282384404,false,5818635,20572945,27258894244,169,182,138948,36260,2070,8422417,73635,0,0,1133,0,0,5929832,20575197,27267455609,10024,13165,5194067,0,0,0,10024,13165,5194067,20183,29063,9734728,0,0,0,20183,29063,9734728,5960039,20617425,27282384404,一卡通票證股份有限公司,使用者人數,本國籍使用者,政府機關,36260,73635,1133,5929832,大陸地區,0,10024,個人使用者,20183,5960039,營運產品群電支營運部,廖滋鐶,07-7933000#502,鄭幸宜,07-7933000#524,001239@i-pass.com.tw,,,,,,,,,,,,,,,,,,,,,,,,,,,,,,,,,,,,,,,,,,,,,,
112,8,112/08,5906730,20641922,27244933609,false,5767474,20601623,27195737612,169,149,172588,35763,372,35171869,72570,0,0,1120,0,0,5877096,20602144,27231082069,9857,11977,4774582,0,0,0,9857,11977,4774582,19777,27801,9076958,0,0,0,19777,27801,9076958,5906730,20641922,27244933609,一卡通票證股份有限公司,使用者人數,本國籍使用者,政府機關,35763,72570,1120,5877096,大陸地區,0,9857,個人使用者,19777,5906730,營運產品群電支營運部,廖滋鐶,07-7933000#502,鄭幸宜,07-7933000#524,001239@i-pass.com.tw,,,,,,,,,,,,,,,,,,,,,,,,,,,,,,,,,,,,,,,,,,,,,,
112,7,112/07,5852009,19955839,26930525062,false,5715645,19917309,26909635325,167,197,147008,34973,337,8356091,70935,0,0,1101,0,0,5822821,19917843,26918138424,9722,11536,4231775,0,0,0,9722,11536,4231775,19466,26460,8154863,0,0,0,19466,26460,8154863,5852009,19955839,26930525062,一卡通票證股份有限公司,使用者人數,本國籍使用者,政府機關,34973,70935,1101,5822821,大陸地區,0,9722,個人使用者,19466,5852009,營運產品群電支營運部,廖滋鐶,07-7933000#502,鄭幸宜,07-7933000#524,001239@i-pass.com.tw,,,,,,,,,,,,,,,,,,,,,,,,,,,,,,,,,,,,,,,,,,,,,,
112,6,112/06,5804784,19035074,25280988464,false,5670306,18994477,25258218402,164,237,239213,34455,1783,9937566,69951,0,0,1092,0,0,5775968,18996497,25268395181,9614,12007,4365976,0,0,0,9614,12007,4365976,19202,26570,8227307,0,0,0,19202,26570,8227307,5804784,19035074,25280988464,一卡通票證股份有限公司,使用者人數,本國籍使用者,政府機關,34455,69951,1092,5775968,大陸地區,0,9614,個人使用者,19202,5804784,營運產品群電支營運部,廖滋鐶,07-7933000#502,鄭幸宜,07-7933000#524,001239@i-pass.com.tw,,,,,,,,,,,,,,,,,,,,,,,,,,,,,,,,,,,,,,,,,,,,,,
112,5,112/05,5757518,19770794,27346684528,false,5625396,19730603,27324906378,162,212,122437,33831,370,9463793,68723,0,0,1071,0,0,5729183,19731185,27334492608,9450,11984,4140425,0,0,0,9450,11984,4140425,18885,27625,8051495,0,0,0,18885,27625,8051495,5757518,19770794,27346684528,一卡通票證股份有限公司,使用者人數,本國籍使用者,政府機關,33831,68723,1071,5729183,大陸地區,0,9450,個人使用者,18885,5757518,營運產品群電支營運部,廖滋鐶,07-7933000#502,鄭幸宜,07-7933000#524,001239@i-pass.com.tw,,,,,,,,,,,,,,,,,,,,,,,,,,,,,,,,,,,,,,,,,,,,,,
112,4,112/04,5707380,19873167,34122395553,false,5577843,19837712,34107138694,161,171,96151,33195,1525,4199433,67264,0,0,1055,0,0,5679518,19839408,34111434278,9304,10441,3848661,0,0,0,9304,10441,3848661,18558,23318,7112614,0,0,0,18558,23318,7112614,5707380,19873167,34122395553,一卡通票證股份有限公司,使用者人數,本國籍使用者,政府機關,33195,67264,1055,5679518,大陸地區,0,9304,個人使用者,18558,5707380,營運產品群電支營運部,廖滋鐶,07-7933000#502,鄭幸宜,07-7933000#524,001239@i-pass.com.tw,,,,,,,,,,,,,,,,,,,,,,,,,,,,,,,,,,,,,,,,,,,,,,
112,3,112/03,5648232,20574268,35111599342,false,5520636,20539145,35072432584,160,241,153588,32840,613,27737272,66188,0,0,1045,0,0,5620869,20539999,35100323444,9141,10763,4048542,0,0,0,9141,10763,4048542,18222,23506,7227356,0,0,0,18222,23506,7227356,5648232,20574268,35111599342,一卡通票證股份有限公司,使用者人數,本國籍使用者,政府機關,32840,66188,1045,5620869,大陸地區,0,9141,個人使用者,18222,5648232,營運產品群電支營運部,廖滋鐶,07-7933000#502,鄭幸宜,07-7933000#524,001239@i-pass.com.tw,,,,,,,,,,,,,,,,,,,,,,,,,,,,,,,,,,,,,,,,,,,,,,
112,2,112/02,5580436,17094801,30656604551,false,5456207,17067399,30639054304,159,93,50417,32120,323,7106543,64742,0,0,1026,0,0,5554254,17067815,30646211264,8743,8517,3576012,0,0,0,8743,8517,3576012,17439,18469,6817275,0,0,0,17439,18469,6817275,5580436,17094801,30656604551,一卡通票證股份有限公司,使用者人數,本國籍使用者,政府機關,32120,64742,1026,5554254,大陸地區,0,8743,個人使用者,17439,5580436,營運產品群電支營運部,廖滋鐶,07-7933000#502,鄭幸宜,07-7933000#524,001239@i-pass.com.tw,,,,,,,,,,,,,,,,,,,,,,,,,,,,,,,,,,,,,,,,,,,,,,
112,1,112/01,5514193,18111538,35122892227,false,5391980,18084553,35085510284,157,247,120653,31612,1973,27134690,63801,0,0,1014,252,252000,5488564,18087025,35113017627,8558,8114,3927787,0,0,0,8558,8114,3927787,17071,16399,5946813,0,0,0,17071,16399,5946813,5514193,18111538,35122892227,一卡通票證股份有限公司,使用者人數,本國籍使用者,政府機關,31612,63801,1014,5488564,大陸地區,0,8558,個人使用者,17071,5514193,營運產品群電支營運部,廖滋鐶,07-7933000#502,鄭幸宜,07-7933000#524,001239@i-pass.com.tw,,,,,,,,,,,,,,,,,,,,,,,,,,,,,,,,,,,,,,,,,,,,,,
111,12,111/12,5402511,17842939,30474039253,false,5282315,17811050,30447661516,156,250,294188,31119,1022,15658728,62758,0,0,985,0,0,5377333,17812322,30463614432,8392,9331,3459319,0,0,0,8392,9331,3459319,16786,21286,6965502,0,0,0,16786,21286,6965502,5402511,17842939,30474039253,一卡通票證股份有限公司,使用者人數,本國籍使用者,政府機關,31119,62758,985,5377333,大陸地區,0,8392,個人使用者,16786,5402511,營運產品群電支營運部,廖滋鐶,07-7933000#502,鄭幸宜,07-7933000#524,001239@i-pass.com.tw,,,,,,,,,,,,,,,,,,,,,,,,,,,,,,,,,,,,,,,,,,,,,,
111,11,111/11,5351135,16410488,27624456359,false,5233604,16379625,27596577397,155,234,172051,30334,335,17316231,61318,0,0,974,0,0,5326385,16380194,27614065679,8245,9341,3513575,0,0,0,8245,9341,3513575,16505,20953,6877105,0,0,0,16505,20953,6877105,5351135,16410488,27624456359,一卡通票證股份有限公司,使用者人數,本國籍使用者,政府機關,30334,61318,974,5326385,大陸地區,0,8245,個人使用者,16505,5351135,營運產品群電支營運部,廖滋鐶,07-7933000#502,鄭幸宜,07-7933000#524,001239@i-pass.com.tw,,,,,,,,,,,,,,,,,,,,,,,,,,,,,,,,,,,,,,,,,,,,,,
111,10,111/10,5302337,15574919,26325718519,false,5187479,15546046,26285800785,152,295,335137,29677,327,29254305,59841,0,0,939,0,0,5278088,15546668,26315390227,8060,8377,3516773,0,0,0,8060,8377,3516773,16189,19874,6811519,0,0,0,16189,19874,6811519,5302337,15574919,26325718519,一卡通票證股份有限公司,使用者人數,本國籍使用者,政府機關,29677,59841,939,5278088,大陸地區,0,8060,個人使用者,16189,5302337,營運產品群電支營運部,廖滋鐶,07-7933000#502,鄭幸宜,07-7933000#524,001239@i-pass.com.tw,,,,,,,,,,,,,,,,,,,,,,,,,,,,,,,,,,,,,,,,,,,,,,
111,9,111/09,5241674,14691920,25475648684,false,5129401,14662160,25455898420,149,321,307170,29003,1997,8838966,58375,0,0,926,0,0,5217854,14664478,25465044556,7914,8352,4016008,0,0,0,7914,8352,4016008,15906,19090,6588120,0,0,0,15906,19090,6588120,5241674,14691920,25475648684,一卡通票證股份有限公司,使用者人數,本國籍使用者,政府機關,29003,58375,926,5217854,大陸地區,0,7914,個人使用者,15906,5241674,營運產品群電支營運部,廖滋鐶,07-7933000#502,鄭幸宜,07-7933000#524,001239@i-pass.com.tw,,,,,,,,,,,,,,,,,,,,,,,,,,,,,,,,,,,,,,,,,,,,,,
111,8,111/08,5176764,14884200,25031548570,false,5067107,14856551,24977576224,149,187,285788,28416,350,43837666,56903,0,0,914,0,0,5153489,14857088,25021699678,7719,8173,3309696,0,0,0,7719,8173,3309696,15556,18939,6539196,0,0,0,15556,18939,6539196,5176764,14884200,25031548570,一卡通票證股份有限公司,使用者人數,本國籍使用者,政府機關,28416,56903,914,5153489,大陸地區,0,7719,個人使用者,15556,5176764,營運產品群電支營運部,廖滋鐶,07-7933000#502,鄭幸宜,07-7933000#524,001239@i-pass.com.tw,,,,,,,,,,,,,,,,,,,,,,,,,,,,,,,,,,,,,,,,,,,,,,
111,7,111/07,5106784,14206400,23968095593,false,5000096,14179198,23948882982,147,290,330130,27698,350,8979762,55231,0,0,895,0,0,5084067,14179838,23958192874,7519,8039,3489309,0,0,0,7519,8039,3489309,15198,18523,6413410,0,0,0,15198,18523,6413410,5106784,14206400,23968095593,一卡通票證股份有限公司,使用者人數,本國籍使用者,政府機關,27698,55231,895,5084067,大陸地區,0,7519,個人使用者,15198,5106784,營運產品群電支營運部,廖滋鐶,07-7933000#502,鄭幸宜,07-7933000#524,001239@i-pass.com.tw,,,,,,,,,,,,,,,,,,,,,,,,,,,,,,,,,,,,,,,,,,,,,,
111,6,111/06,5042426,12903592,21806574260,false,4938131,12876949,21789296353,146,194,267872,27156,1717,8424202,53895,0,0,879,0,0,5020207,12878860,21797988427,7342,6795,2851099,0,0,0,7342,6795,2851099,14877,17937,5734734,0,0,0,14877,17937,5734734,5042426,12903592,21806574260,一卡通票證股份有限公司,使用者人數,本國籍使用者,政府機關,27156,53895,879,5020207,大陸地區,0,7342,個人使用者,14877,5042426,營運產品群電支營運部,廖滋鐶,07-7933000#502,鄭幸宜,07-7933000#524,001239@i-pass.com.tw,,,,,,,,,,,,,,,,,,,,,,,,,,,,,,,,,,,,,,,,,,,,,,
111,5,111/05,4980546,13056372,21751847188,false,4878860,13030210,21735361587,144,172,181657,26519,325,7014444,52415,0,0,863,0,0,4958801,13030707,21742557688,7177,6895,2714482,0,0,0,7177,6895,2714482,14568,18770,6575018,0,0,0,14568,18770,6575018,4980546,13056372,21751847188,一卡通票證股份有限公司,使用者人數,本國籍使用者,政府機關,26519,52415,863,4958801,大陸地區,0,7177,個人使用者,14568,4980546,營運產品群電支營運部,廖滋鐶,07-7933000#502,鄭幸宜,07-7933000#524,001239@i-pass.com.tw,,,,,,,,,,,,,,,,,,,,,,,,,,,,,,,,,,,,,,,,,,,,,,
111,4,111/04,4913416,12708084,20045567472,false,4814610,12679342,20027115788,143,169,122365,25826,1733,9337412,50810,0,0,849,0,0,4892238,12681244,20036575565,6990,7055,2887734,0,0,0,6990,7055,2887734,14188,19785,6104173,0,0,0,14188,19785,6104173,4913416,12708084,20045567472,一卡通票證股份有限公司,使用者人數,本國籍使用者,政府機關,25826,50810,849,4892238,大陸地區,0,6990,個人使用者,14188,4913416,營運產品群電支營運部,廖滋鐶,07-7933000#502,鄭幸宜,07-7933000#524,001239@i-pass.com.tw,,,,,,,,,,,,,,,,,,,,,,,,,,,,,,,,,,,,,,,,,,,,,,
111,3,111/03,4829036,13613828,20527421148,false,4732313,13584666,20469056209,138,178,95942,25339,344,49331113,49723,0,0,837,0,0,4808350,13585188,20518483264,6820,7455,2930349,0,0,0,6820,7455,2930349,13866,21185,6007535,0,0,0,13866,21185,6007535,4829036,13613828,20527421148,一卡通票證股份有限公司,使用者人數,本國籍使用者,政府機關,25339,49723,837,4808350,大陸地區,0,6820,個人使用者,13866,4829036,營運產品群電支營運部,廖滋鐶,07-7933000#502,鄭幸宜,07-7933000#524,001239@i-pass.com.tw,,,,,,,,,,,,,,,,,,,,,,,,,,,,,,,,,,,,,,,,,,,,,,
111,2,111/02,4759141,10942146,16429845755,false,4665047,10918382,16418233198,130,125,58870,24675,74,2815602,48335,0,0,829,256,256000,4739016,10918837,16421363670,6622,5745,2687047,0,0,0,6622,5745,2687047,13503,17564,5795038,0,0,0,13503,17564,5795038,4759141,10942146,16429845755,一卡通票證股份有限公司,使用者人數,本國籍使用者,政府機關,24675,48335,829,4739016,大陸地區,0,6622,個人使用者,13503,4759141,營運產品群電支營運部,廖滋鐶,07-7933000#502,鄭幸宜,07-7933000#524,001239@i-pass.com.tw,,,,,,,,,,,,,,,,,,,,,,,,,,,,,,,,,,,,,,,,,,,,,,
111,1,111/01,4682595,13371161,22001323898,true,4591903,13341790,21962544532,128,225,117483,24215,1973,29298731,45876,0,0,822,256,256000,4662944,13344244,21992216746,6451,7151,2896935,0,0,0,6451,7151,2896935,13200,19766,6210217,0,0,0,13200,19766,6210217,4682595,13371161,22001323898,一卡通票證股份有限公司,使用者人數,本國籍使用者,政府機關,24215,45876,822,4662944,大陸地區,0,6451,個人使用者,13200,4682595,營運產品群電支營運部,廖滋鐶,07-7933000#502,鄭幸宜,07-7933000#524,001239@i-pass.com.tw,,,,,,,,,,,,,,,,,,,,,,,,,,,,,,,,,,,,,,,,,,,,,,
110,12,110/12,4556549,12994463,18069758128,false,4466867,12930052,17871728953,129,253,255908,23568,367,139795199,45876,0,0,805,0,0,4537245,12930672,18011780060,6282,20526,22280568,0,0,0,6282,20526,22280568,13022,43265,35697500,0,0,0,13022,43265,35697500,4556549,12994463,18069758128,一卡通票證股份有限公司,使用者人數,本國籍使用者,政府機關,23568,45876,805,4537245,大陸地區,0,6282,個人使用者,13022,4556549,營運產品群電支營運部,廖滋鐶,07-7933000#502,鄭幸宜,07-7933000#524,001239@i-pass.com.tw,,,,,,,,,,,,,,,,,,,,,,,,,,,,,,,,,,,,,,,,,,,,,,
110,11,110/11,4498846,13281202,17279390970,false,4412125,13251512,17251417811,127,129,151979,22811,361,17921301,43911,0,0,788,0,0,4479762,13252002,17269491091,6257,8210,3321194,0,0,0,6257,8210,3321194,12827,20990,6578685,0,0,0,12827,20990,6578685,4498846,13281202,17279390970,一卡通票證股份有限公司,使用者人數,本國籍使用者,政府機關,22811,43911,788,4479762,大陸地區,0,6257,個人使用者,12827,4498846,營運產品群電支營運部,廖滋鐶,07-7933000#502,鄭幸宜,07-7933000#524,001239@i-pass.com.tw,,,,,,,,,,,,,,,,,,,,,,,,,,,,,,,,,,,,,,,,,,,,,,
110,10,110/10,4406335,13569038,16631431434,false,4322678,13533608,16608844104,113,169,160101,22101,351,11049251,42106,0,0,772,0,0,4387770,13534128,16620053456,6064,9840,3795305,0,0,0,6064,9840,3795305,12501,25070,7582673,0,0,0,12501,25070,7582673,4406335,13569038,16631431434,一卡通票證股份有限公司,使用者人數,本國籍使用者,政府機關,22101,42106,772,4387770,大陸地區,0,6064,個人使用者,12501,4406335,營運產品群電支營運部,廖滋鐶,07-7933000#502,鄭幸宜,07-7933000#524,001239@i-pass.com.tw,,,,,,,,,,,,,,,,,,,,,,,,,,,,,,,,,,,,,,,,,,,,,,
110,9,110/09,4286431,9670437,14307276892,false,4206931,9639982,14287777495,113,179,182306,20991,2111,8981868,39753,0,0,748,0,0,4268536,9642272,14296941669,5840,7671,3291300,0,0,0,5840,7671,3291300,12055,20494,7043923,0,0,0,12055,20494,7043923,4286431,9670437,14307276892,一卡通票證股份有限公司,使用者人數,本國籍使用者,政府機關,20991,39753,748,4268536,大陸地區,0,5840,個人使用者,12055,4286431,營運產品群電支營運部,廖滋鐶,07-7933000#502,鄭幸宜,07-7933000#524,001239@i-pass.com.tw,,,,,,,,,,,,,,,,,,,,,,,,,,,,,,,,,,,,,,,,,,,,,,
110,8,110/08,4141280,10033277,14012679232,false,4064771,10006917,13986949558,112,116,208675,20263,374,16090249,38236,0,0,735,0,0,4124117,10007407,14003248482,5590,6774,2777178,0,0,0,5590,6774,2777178,11573,19096,6653572,0,0,0,11573,19096,6653572,4141280,10033277,14012679232,一卡通票證股份有限公司,使用者人數,本國籍使用者,政府機關,20263,38236,735,4124117,大陸地區,0,5590,個人使用者,11573,4141280,營運產品群電支營運部,廖滋鐶,07-7933000#502,鄭幸宜,07-7933000#524,001239@i-pass.com.tw,,,,,,,,,,,,,,,,,,,,,,,,,,,,,,,,,,,,,,,,,,,,,,
110,7,110/07,4020873,9182227,13626037646,false,3947010,9159986,13600335112,109,18,23936,19603,337,16605423,36880,0,0,692,0,0,4004294,9160341,13616964471,5380,5499,2562761,0,0,0,5380,5499,2562761,11199,16387,6510414,0,0,0,11199,16387,6510414,4020873,9182227,13626037646,一卡通票證股份有限公司,使用者人數,本國籍使用者,政府機關,19603,36880,692,4004294,大陸地區,0,5380,個人使用者,11199,4020873,營運產品群電支營運部,廖滋鐶,07-7933000#502,鄭幸宜,07-7933000#524,001239@i-pass.com.tw,,,,,,,,,,,,,,,,,,,,,,,,,,,,,,,,,,,,,,,,,,,,,,
110,6,110/06,7622770,12531698,6432570056,false,3743585,3194384,1614050206,81,198945,52794084,18439,2298034,1449825546,34352,542298,80278778,635,13783,11863273,3797092,6247444,3208811887,4575,4721,2165341,0,0,0,4575,4721,2165341,9718,13684,5307800,0,0,0,9718,13684,5307800,3811385,6265849,3216285028,一卡通票證股份有限公司,使用者人數,,政府機關,18439,34352,635,3797092,大陸地區,0,4575,個人使用者,9718,3811385,營運產品群電支營運部,廖滋鐶,07-7933000#502,鄭幸宜,07-7933000#524,001239@i-pass.com.tw,3743585,3194384,1614050206,81,198945,52794084,18439,2298034,1449825546,34352,542298,80278778,635,13783,11863273,3797092,6247444,3208811887,4575,4721,2165341,0,0,0,4575,4721,2165341,9718,13684,5307800,0,0,0,9718,13684,5307800,3811385,6265849,3216285028,110 年 06 月,本國籍使用者,本國籍使用者,3797092,4575,9718,3811385
110,5,110/05,7316668,14600604,8152258452,false,3594185,3730348,2044297371,80,311400,342051973,17593,2667567,1596012506,32424,555600,76829009,582,13101,8844803,3644864,7278016,4068035662,4270,5633,2327454,0,0,0,4270,5633,2327454,9200,16653,5766110,0,0,0,9200,16653,5766110,3658334,7300302,4076129226,一卡通票證股份有限公司,使用者人數,,政府機關,17593,32424,582,3644864,大陸地區,0,4270,個人使用者,9200,3658334,營運產品群電支營運部,廖滋鐶,07-7933000#502,鄭幸宜,07-7933000#524,001239@i-pass.com.tw,3594185,3730348,2044297371,80,311400,342051973,17593,2667567,1596012506,32424,555600,76829009,582,13101,8844803,3644864,7278016,4068035662,4270,5633,2327454,0,0,0,4270,5633,2327454,9200,16653,5766110,0,0,0,9200,16653,5766110,3658334,7300302,4076129226,110 年 05 月,本國籍使用者,本國籍使用者,3644864,4270,9200,3658334
110,4,110/04,7046452,14694248,7241408454,false,3461766,3783786,1821417834,70,307811,256868591,16909,2721946,1460861984,31196,498320,66746609,538,11386,7620371,3510479,7323249,3613515389,4039,5884,2160112,0,0,0,4039,5884,2160112,8708,17991,5028726,0,0,0,8708,17991,5028726,3523226,7347124,3620704227,一卡通票證股份有限公司,使用者人數,,政府機關,16909,31196,538,3510479,大陸地區,0,4039,個人使用者,8708,3523226,營運產品群電支營運部,廖滋鐶,07-7933000#502,鄭幸宜,07-7933000#524,001239@i-pass.com.tw,3461766,3783786,1821417834,70,307811,256868591,16909,2721946,1460861984,31196,498320,66746609,538,11386,7620371,3510479,7323249,3613515389,4039,5884,2160112,0,0,0,4039,5884,2160112,8708,17991,5028726,0,0,0,8708,17991,5028726,3523226,7347124,3620704227,110 年 04 月,本國籍使用者,本國籍使用者,3510479,4039,8708,3523226
110,3,110/03,6828938,14253688,8124941584,false,3355347,3677564,2041293547,70,324488,317763789,16317,2632162,1631904020,30092,459505,58857866,490,10526,5925907,3402316,7104245,4055745129,3868,5659,2131894,0,0,0,3868,5659,2131894,8285,16940,4593769,0,0,0,8285,16940,4593769,3414469,7126844,4062470792,一卡通票證股份有限公司,使用者人數,,政府機關,16317,30092,490,3402316,大陸地區,0,3868,個人使用者,8285,3414469,營運產品群電支營運部,廖滋鐶,07-7933000#502,鄭幸宜,07-7933000#524,001239@i-pass.com.tw,3355347,3677564,2041293547,70,324488,317763789,16317,2632162,1631904020,30092,459505,58857866,490,10526,5925907,3402316,7104245,4055745129,3868,5659,2131894,0,0,0,3868,5659,2131894,8285,16940,4593769,0,0,0,8285,16940,4593769,3414469,7126844,4062470792,110 年 03 月,本國籍使用者,本國籍使用者,3402316,3868,8285,3414469
110,2,110/02,6600882,10863896,5883035400,false,3243975,2778635,1478114525,67,218458,32399112,15656,2068445,1368228108,28841,336975,49686884,467,12653,7957928,3289006,5415166,2936386557,3631,4231,1470349,0,0,0,3631,4231,1470349,7804,12551,3660794,0,0,0,7804,12551,3660794,3300441,5431948,2941517700,一卡通票證股份有限公司,使用者人數,,政府機關,15656,28841,467,3289006,大陸地區,0,3631,個人使用者,7804,3300441,營運產品群電支營運部,廖滋鐶,07-7933000#502,鄭幸宜,07-7933000#524,001239@i-pass.com.tw,3243975,2778635,1478114525,67,218458,32399112,15656,2068445,1368228108,28841,336975,49686884,467,12653,7957928,3289006,5415166,2936386557,3631,4231,1470349,0,0,0,3631,4231,1470349,7804,12551,3660794,0,0,0,7804,12551,3660794,3300441,5431948,2941517700,110 年 02 月,本國籍使用者,本國籍使用者,3289006,3631,7804,3300441
110,1,110/01,6292570,11268802,6575514780,false,3091393,2880537,1650368173,64,268604,45505201,15349,2125131,1533384656,28244,333268,46242508,443,8775,6714330,3135493,5616315,3282214868,3429,4601,1535938,0,0,0,3429,4601,1535938,7363,13485,4006584,0,0,0,7363,13485,4006584,3146285,5634401,3287757390,一卡通票證股份有限公司,使用者人數,,政府機關,15349,28244,443,3135493,大陸地區,0,3429,個人使用者,7363,3146285,營運產品群電支營運部,廖滋鐶,07-7933000#502,鄭幸宜,07-7933000#524,001239@i-pass.com.tw,3091393,2880537,1650368173,64,268604,45505201,15349,2125131,1533384656,28244,333268,46242508,443,8775,6714330,3135493,5616315,3282214868,3429,4601,1535938,0,0,0,3429,4601,1535938,7363,13485,4006584,0,0,0,7363,13485,4006584,3146285,5634401,3287757390,110 年 01 月,本國籍使用者,本國籍使用者,3135493,3429,7363,3146285
109,12,109/12,6095996,11296278,8041676754,false,2995197,2909505,2017376008,63,272535,34913482,14900,2128951,1916724067,27197,309464,40151293,420,9210,5814350,3037777,5629665,4014979200,3264,4672,1820063,0,0,0,3264,4672,1820063,6957,13802,4039114,0,0,0,6957,13802,4039114,3047998,5648139,4020838377,一卡通票證股份有限公司,使用者人數,,政府機關,14900,27197,420,3037777,大陸地區,0,3264,個人使用者,6957,3047998,營運產品群電支營運部,廖滋鐶,07-7933000#502,鄭幸宜,07-7933000#524,001239@i-pass.com.tw,2995197,2909505,2017376008,63,272535,34913482,14900,2128951,1916724067,27197,309464,40151293,420,9210,5814350,3037777,5629665,4014979200,3264,4672,1820063,0,0,0,3264,4672,1820063,6957,13802,4039114,0,0,0,6957,13802,4039114,3047998,5648139,4020838377,109 年 12 月,本國籍使用者,本國籍使用者,3037777,3264,6957,3047998
109,11,109/11,5905698,11018594,7624826680,false,2902444,2843340,1912034116,53,261672,59105601,14376,2082300,1795822460,25942,297655,36131764,393,6731,3434951,2943208,5491698,3806528892,3082,4416,1680006,0,0,0,3082,4416,1680006,6559,13183,4204442,0,0,0,6559,13183,4204442,2952849,5509297,3812413340,一卡通票證股份有限公司,使用者人數,,政府機關,14376,25942,393,2943208,大陸地區,0,3082,個人使用者,6559,2952849,營運產品群電支營運部,廖滋鐶,07-7933000#502,鄭幸宜,07-7933000#524,001239@i-pass.com.tw,2902444,2843340,1912034116,53,261672,59105601,14376,2082300,1795822460,25942,297655,36131764,393,6731,3434951,2943208,5491698,3806528892,3082,4416,1680006,0,0,0,3082,4416,1680006,6559,13183,4204442,0,0,0,6559,13183,4204442,2952849,5509297,3812413340,109 年 11 月,本國籍使用者,本國籍使用者,2943208,3082,6559,2952849
109,10,109/10,5719456,10508560,6614273462,false,2811475,2685752,1658042404,41,242158,54645304,13932,2006352,1549064352,24816,298548,37180910,373,5784,3009877,2850637,5238594,3301942847,2917,4017,1409075,0,0,0,2917,4017,1409075,6174,11669,3784809,0,0,0,6174,11669,3784809,2859728,5254280,3307136731,一卡通票證股份有限公司,使用者人數,,政府機關,13932,24816,373,2850637,大陸地區,0,2917,個人使用者,6174,2859728,營運產品群電支營運部,廖滋鐶,07-7933000#502,鄭幸宜,07-7933000#524,001239@i-pass.com.tw,2811475,2685752,1658042404,41,242158,54645304,13932,2006352,1549064352,24816,298548,37180910,373,5784,3009877,2850637,5238594,3301942847,2917,4017,1409075,0,0,0,2917,4017,1409075,6174,11669,3784809,0,0,0,6174,11669,3784809,2859728,5254280,3307136731,109 年 10 月,本國籍使用者,本國籍使用者,2850637,2917,6174,2859728
109,9,109/09,5543946,10938860,7578587292,false,2725842,2786951,1900796779,41,225266,35512890,13378,2113522,1798669971,23793,319576,44730163,340,8193,3053021,2763394,5453508,3782762824,2777,4566,2150630,0,0,0,2777,4566,2150630,5802,11356,4380192,0,0,0,5802,11356,4380192,2771973,5469430,3789293646,一卡通票證股份有限公司,使用者人數,,政府機關,13378,23793,340,2763394,大陸地區,0,2777,個人使用者,5802,2771973,營運產品群電支營運部,廖滋鐶,07-7933000#502,鄭幸宜,07-7933000#524,001239@i-pass.com.tw,2725842,2786951,1900796779,41,225266,35512890,13378,2113522,1798669971,23793,319576,44730163,340,8193,3053021,2763394,5453508,3782762824,2777,4566,2150630,0,0,0,2777,4566,2150630,5802,11356,4380192,0,0,0,5802,11356,4380192,2771973,5469430,3789293646,109 年 09 月,本國籍使用者,本國籍使用者,2763394,2777,5802,2771973
109,8,109/08,5338458,10297872,6329024362,false,2625540,2615538,1585357278,40,235861,26525745,12616,2019285,1509787564,22594,259148,35640580,308,4863,1884421,2661098,5134695,3159195588,2664,3843,1811221,0,0,0,2664,3843,1811221,5467,10398,3505372,0,0,0,5467,10398,3505372,2669229,5148936,3164512181,一卡通票證股份有限公司,使用者人數,,政府機關,12616,22594,308,2661098,大陸地區,0,2664,個人使用者,5467,2669229,營運產品群電支營運部,廖滋鐶,07-7933000#502,鄭幸宜,07-7933000#524,001239@i-pass.com.tw,2625540,2615538,1585357278,40,235861,26525745,12616,2019285,1509787564,22594,259148,35640580,308,4863,1884421,2661098,5134695,3159195588,2664,3843,1811221,0,0,0,2664,3843,1811221,5467,10398,3505372,0,0,0,5467,10398,3505372,2669229,5148936,3164512181,109 年 08 月,本國籍使用者,本國籍使用者,2661098,2664,5467,2669229
109,7,109/07,5142984,0,0,false,2530404,,,40,,,11939,,,21172,,,273,,,2563828,,,2501,,,0,,,2501,,,5163,,,0,,,5163,,,2571492,,,一卡通票證股份有限公司,使用者人數,,政府機關,11939,21172,273,2563828,大陸地區,0,2501,個人使用者,5163,2571492,營運產品群電支營運部,廖滋鐶,07-7933000#502,鄭幸宜,07-7933000#524,001239@i-pass.com.tw,2530404,,,40,,,11939,,,21172,,,273,,,2563828,,,2501,,,0,,,2501,,,5163,,,0,,,5163,,,2571492,,,109 年 07 月,本國籍使用者,本國籍使用者,2563828,2501,5163,2571492
109,6,109/06,4899990,0,0,false,2411988,,,39,,,11184,,,19385,,,246,,,2442842,,,2317,,,0,,,2317,,,4836,,,0,,,4836,,,2449995,,,一卡通票證股份有限公司,使用者人數,,政府機關,11184,19385,246,2442842,大陸地區,0,2317,個人使用者,4836,2449995,營運產品群電支營運部,廖滋鐶,07-7933000#502,鄭幸宜,07-7933000#524,001239@i-pass.com.tw,2411988,,,39,,,11184,,,19385,,,246,,,2442842,,,2317,,,0,,,2317,,,4836,,,0,,,4836,,,2449995,,,109 年 06 月,本國籍使用者,本國籍使用者,2442842,2317,4836,2449995
109,5,109/05,4736996,0,0,false,2333485,,,37,,,10443,,,17549,,,230,,,2361744,,,2168,,,0,,,2168,,,4586,,,0,,,4586,,,2368498,,,一卡通票證股份有限公司,使用者人數,,政府機關,10443,17549,230,2361744,大陸地區,0,2168,個人使用者,4586,2368498,營運產品群電支營運部,廖滋鐶,07-7933000#502,鄭幸宜,07-7933000#524,001239@i-pass.com.tw,2333485,,,37,,,10443,,,17549,,,230,,,2361744,,,2168,,,0,,,2168,,,4586,,,0,,,4586,,,2368498,,,109 年 05 月,本國籍使用者,本國籍使用者,2361744,2168,4586,2368498
109,4,109/04,4585854,0,0,false,2260568,,,37,,,9700,,,16032,,,226,,,2286563,,,2022,,,0,,,2022,,,4342,,,0,,,4342,,,2292927,,,一卡通票證股份有限公司,使用者人數,,政府機關,9700,16032,226,2286563,大陸地區,0,2022,個人使用者,4342,2292927,營運產品群電支營運部,廖滋鐶,07-7933000#502,鄭幸宜,07-7933000#524,001239@i-pass.com.tw,2260568,,,37,,,9700,,,16032,,,226,,,2286563,,,2022,,,0,,,2022,,,4342,,,0,,,4342,,,2292927,,,109 年 04 月,本國籍使用者,本國籍使用者,2286563,2022,4342,2292927
109,3,109/03,4439094,0,0,false,2189402,,,36,,,9074,,,14821,,,219,,,2213552,,,1913,,,0,,,1913,,,4082,,,0,,,4082,,,2219547,,,一卡通票證股份有限公司,使用者人數,,政府機關,9074,14821,219,2213552,大陸地區,0,1913,個人使用者,4082,2219547,營運產品群電支營運部,廖滋鐶,07-7933000#502,鄭幸宜,07-7933000#524,001239@i-pass.com.tw,2189402,,,36,,,9074,,,14821,,,219,,,2213552,,,1913,,,0,,,1913,,,4082,,,0,,,4082,,,2219547,,,109 年 03 月,本國籍使用者,本國籍使用者,2213552,1913,4082,2219547
109,2,109/02,4323550,0,0,false,2133513,,,34,,,8510,,,13812,,,198,,,2156067,,,1834,,,0,,,1834,,,3874,,,0,,,3874,,,2161775,,,一卡通票證股份有限公司,使用者人數,,政府機關,8510,13812,198,2156067,大陸地區,0,1834,個人使用者,3874,2161775,營運產品群電支營運部,廖滋鐶,07-7933000#502,鄭幸宜,07-7933000#524,001239@i-pass.com.tw,2133513,,,34,,,8510,,,13812,,,198,,,2156067,,,1834,,,0,,,1834,,,3874,,,0,,,3874,,,2161775,,,109 年 02 月,本國籍使用者,本國籍使用者,2156067,1834,3874,2161775
109,1,109/01,4202032,0,0,false,2074439,,,27,,,7961,,,12969,,,167,,,2095563,,,1751,,,0,,,1751,,,3702,,,0,,,3702,,,2101016,,,一卡通票證股份有限公司,使用者人數,,政府機關,7961,12969,167,2095563,大陸地區,0,1751,個人使用者,3702,2101016,營運產品群電支營運部,廖滋鐶,07-7933000#502,鄭幸宜,07-7933000#524,001239@i-pass.com.tw,2074439,,,27,,,7961,,,12969,,,167,,,2095563,,,1751,,,0,,,1751,,,3702,,,0,,,3702,,,2101016,,,109 年 01 月,本國籍使用者,本國籍使用者,2095563,1751,3702,2101016
108,12,108/12,4055020,0,0,false,2001939,,,22,,,7633,,,12462,,,159,,,2022215,,,1710,,,0,,,1710,,,3585,,,0,,,3585,,,2027510,,,一卡通票證股份有限公司,使用者人數,,政府機關,7633,12462,159,2022215,大陸地區,0,1710,個人使用者,3585,2027510,營運產品群電支營運部,廖滋鐶,07-7933000#502,鄭幸宜,07-7933000#524,001239@i-pass.com.tw,2001939,,,22,,,7633,,,12462,,,159,,,2022215,,,1710,,,0,,,1710,,,3585,,,0,,,3585,,,2027510,,,108 年 12 月,本國籍使用者,本國籍使用者,2022215,1710,3585,2027510
108,11,108/11,3909104,0,0,false,1930837,,,20,,,7125,,,11429,,,149,,,1949560,,,1601,,,0,,,1601,,,3391,,,0,,,3391,,,1954552,,,一卡通票證股份有限公司,使用者人數,,政府機關,7125,11429,149,1949560,大陸地區,0,1601,個人使用者,3391,1954552,營運產品群電支營運部,廖滋鐶,07-7933000#502,鄭幸宜,07-7933000#524,001239@i-pass.com.tw,1930837,,,20,,,7125,,,11429,,,149,,,1949560,,,1601,,,0,,,1601,,,3391,,,0,,,3391,,,1954552,,,108 年 11 月,本國籍使用者,本國籍使用者,1949560,1601,3391,1954552
108,10,108/10,3748158,0,0,false,1852177,,,18,,,6614,,,10439,,,135,,,1869383,,,1491,,,0,,,1491,,,3205,,,0,,,3205,,,1874079,,,一卡通票證股份有限公司,使用者人數,,政府機關,6614,10439,135,1869383,大陸地區,0,1491,個人使用者,3205,1874079,營運產品群電支營運部,廖滋鐶,07-7933000#502,鄭幸宜,07-7933000#524,001239@i-pass.com.tw,1852177,,,18,,,6614,,,10439,,,135,,,1869383,,,1491,,,0,,,1491,,,3205,,,0,,,3205,,,1874079,,,108 年 10 月,本國籍使用者,本國籍使用者,1869383,1491,3205,1874079
108,9,108/09,3591180,0,0,false,1776170,,,16,,,6105,,,8814,,,122,,,1791227,,,1393,,,0,,,1393,,,2970,,,0,,,2970,,,1795590,,,一卡通票證股份有限公司,使用者人數,,政府機關,6105,8814,122,1791227,大陸地區,0,1393,個人使用者,2970,1795590,營運產品群電支營運部,廖滋鐶,07-7933000#502,鄭幸宜,07-7933000#524,001239@i-pass.com.tw,1776170,,,16,,,6105,,,8814,,,122,,,1791227,,,1393,,,0,,,1393,,,2970,,,0,,,2970,,,1795590,,,108 年 09 月,本國籍使用者,本國籍使用者,1791227,1393,2970,1795590
108,8,108/08,3469366,0,0,false,1717063,,,14,,,5474,,,7936,,,103,,,1730590,,,1318,,,0,,,1318,,,2775,,,0,,,2775,,,1734683,,,一卡通票證股份有限公司,使用者人數,,政府機關,5474,7936,103,1730590,大陸地區,0,1318,個人使用者,2775,1734683,營運產品群電支營運部,廖滋鐶,07-7933000#502,鄭幸宜,07-7933000#524,001239@i-pass.com.tw,1717063,,,14,,,5474,,,7936,,,103,,,1730590,,,1318,,,0,,,1318,,,2775,,,0,,,2775,,,1734683,,,108 年 08 月,本國籍使用者,本國籍使用者,1730590,1318,2775,1734683
108,7,108/07,3335966,0,0,false,1652327,,,14,,,4729,,,6982,,,83,,,1664135,,,1250,,,0,,,1250,,,2598,,,0,,,2598,,,1667983,,,一卡通票證股份有限公司,使用者人數,,政府機關,4729,6982,83,1664135,大陸地區,0,1250,個人使用者,2598,1667983,營運產品群電支營運部,廖滋鐶,07-7933000#502,鄭幸宜,07-7933000#524,001239@i-pass.com.tw,1652327,,,14,,,4729,,,6982,,,83,,,1664135,,,1250,,,0,,,1250,,,2598,,,0,,,2598,,,1667983,,,108 年 07 月,本國籍使用者,本國籍使用者,1664135,1250,2598,1667983
108,6,108/06,3189140,0,0,false,1580298,,,14,,,4348,,,6246,,,74,,,1590980,,,1158,,,0,,,1158,,,2432,,,0,,,2432,,,1594570,,,一卡通票證股份有限公司,使用者人數,,政府機關,4348,6246,74,1590980,大陸地區,0,1158,個人使用者,2432,1594570,營運產品群電支營運部,廖滋鐶,07-7933000#502,鄭幸宜,07-7933000#524,001239@i-pass.com.tw,1580298,,,14,,,4348,,,6246,,,74,,,1590980,,,1158,,,0,,,1158,,,2432,,,0,,,2432,,,1594570,,,108 年 06 月,本國籍使用者,本國籍使用者,1590980,1158,2432,1594570
108,5,108/05,3065574,0,0,false,1519315,,,14,,,4114,,,5878,,,63,,,1529384,,,1098,,,0,,,1098,,,2305,,,0,,,2305,,,1532787,,,一卡通票證股份有限公司,使用者人數,,政府機關,4114,5878,63,1529384,大陸地區,0,1098,個人使用者,2305,1532787,營運產品群電支營運部,廖滋鐶,07-7933000#502,鄭幸宜,07-7933000#524,001239@i-pass.com.tw,1519315,,,14,,,4114,,,5878,,,63,,,1529384,,,1098,,,0,,,1098,,,2305,,,0,,,2305,,,1532787,,,108 年 05 月,本國籍使用者,本國籍使用者,1529384,1098,2305,1532787
108,4,108/04,2925872,0,0,false,1450965,,,13,,,3779,,,4976,,,55,,,1459788,,,1007,,,0,,,1007,,,2141,,,0,,,2141,,,1462936,,,一卡通票證股份有限公司,使用者人數,,政府機關,3779,4976,55,1459788,大陸地區,0,1007,個人使用者,2141,1462936,營運產品群電支營運部,廖滋鐶,07-7933000#502,鄭幸宜,07-7933000#524,001239@i-pass.com.tw,1450965,,,13,,,3779,,,4976,,,55,,,1459788,,,1007,,,0,,,1007,,,2141,,,0,,,2141,,,1462936,,,108 年 04 月,本國籍使用者,本國籍使用者,1459788,1007,2141,1462936
108,3,108/03,2776814,0,0,false,1377588,,,12,,,3384,,,4490,,,48,,,1385522,,,933,,,0,,,933,,,1952,,,0,,,1952,,,1388407,,,一卡通票證股份有限公司,使用者人數,,政府機關,3384,4490,48,1385522,大陸地區,0,933,個人使用者,1952,1388407,營運產品群電支營運部,廖滋鐶,07-7933000#502,鄭幸宜,07-7933000#524,001239@i-pass.com.tw,1377588,,,12,,,3384,,,4490,,,48,,,1385522,,,933,,,0,,,933,,,1952,,,0,,,1952,,,1388407,,,108 年 03 月,本國籍使用者,本國籍使用者,1385522,933,1952,1388407
108,2,108/02,2611642,0,0,false,1296081,,,12,,,2979,,,4098,,,39,,,1303209,,,860,,,0,,,860,,,1752,,,0,,,1752,,,1305821,,,一卡通票證股份有限公司,使用者人數,,政府機關,2979,4098,39,1303209,大陸地區,0,860,個人使用者,1752,1305821,營運產品群電支營運部,廖滋鐶,07-7933000#502,鄭幸宜,07-7933000#524,001239@i-pass.com.tw,1296081,,,12,,,2979,,,4098,,,39,,,1303209,,,860,,,0,,,860,,,1752,,,0,,,1752,,,1305821,,,108 年 02 月,本國籍使用者,本國籍使用者,1303209,860,1752,1305821
108,1,108/01,2198460,0,0,false,1091697,,,12,,,2197,,,3004,,,29,,,1096939,,,729,,,0,,,729,,,1562,,,0,,,1562,,,1099230,,,一卡通票證股份有限公司,使用者人數,,政府機關,2197,3004,29,1096939,大陸地區,0,729,個人使用者,1562,1099230,營運產品群電支營運部,廖滋鐶,07-7933000#502,鄭幸宜,07-7933000#524,001239@i-pass.com.tw,1091697,,,12,,,2197,,,3004,,,29,,,1096939,,,729,,,0,,,729,,,1562,,,0,,,1562,,,1099230,,,108 年 01 月,本國籍使用者,本國籍使用者,1096939,729,1562,1099230
107,12,107/12,2013642,0,0,false,1000423,,,12,,,1961,,,2376,,,25,,,1004797,,,636,,,0,,,636,,,1388,,,0,,,1388,,,1006821,,,一卡通票證股份有限公司,使用者人數,,政府機關,1961,2376,25,1004797,大陸地區,0,636,個人使用者,1388,1006821,營運產品群電支營運部,廖滋鐶,07-7933000#502,鄭幸宜,07-7933000#524,001239@i-pass.com.tw,1000423,,,12,,,1961,,,2376,,,25,,,1004797,,,636,,,0,,,636,,,1388,,,0,,,1388,,,1006821,,,107 年 12 月,本國籍使用者,本國籍使用者,1004797,636,1388,1006821
107,11,107/11,1806592,0,0,false,897788,,,11,,,1611,,,2131,,,21,,,901562,,,550,,,0,,,550,,,1184,,,0,,,1184,,,903296,,,一卡通票證股份有限公司,使用者人數,,政府機關,1611,2131,21,901562,大陸地區,0,550,個人使用者,1184,903296,營運產品群電支營運部,廖滋鐶,07-7933000#502,鄭幸宜,07-7933000#524,001239@i-pass.com.tw,897788,,,11,,,1611,,,2131,,,21,,,901562,,,550,,,0,,,550,,,1184,,,0,,,1184,,,903296,,,107 年 11 月,本國籍使用者,本國籍使用者,901562,550,1184,903296
107,10,107/10,1412980,0,0,false,702776,,,9,,,1237,,,1244,,,21,,,705287,,,391,,,0,,,391,,,812,,,0,,,812,,,706490,,,一卡通票證股份有限公司,使用者人數,,政府機關,1237,1244,21,705287,大陸地區,0,391,個人使用者,812,706490,營運產品群電支營運部,廖滋鐶,07-7933000#502,鄭幸宜,07-7933000#524,001239@i-pass.com.tw,702776,,,9,,,1237,,,1244,,,21,,,705287,,,391,,,0,,,391,,,812,,,0,,,812,,,706490,,,107 年 10 月,本國籍使用者,本國籍使用者,705287,391,812,706490
107,9,107/09,1035186,0,0,false,515544,,,8,,,495,,,749,,,17,,,516813,,,252,,,0,,,252,,,528,,,0,,,528,,,517593,,,一卡通票證股份有限公司,使用者人數,,政府機關,495,749,17,516813,大陸地區,0,252,個人使用者,528,517593,營運產品群電支營運部,廖滋鐶,07-7933000#502,鄭幸宜,07-7933000#524,001239@i-pass.com.tw,515544,,,8,,,495,,,749,,,17,,,516813,,,252,,,0,,,252,,,528,,,0,,,528,,,517593,,,107 年 09 月,本國籍使用者,本國籍使用者,516813,252,528,517593