yr,mn,ym,bank_no,cards,xact,amt,editable,[0].cards,[0].xact,[0].amt,[1].cards,[1].xact,[1].amt,[2].cards,[2].xact,[2].amt,[3].cards,[3].xact,[3].amt,[4].cards,[4].xact,[4].amt,[5].cards,[5].xact,[5].amt,[6].cards,[6].xact,[6].amt,機構名稱,資料月份,業務項目/合作對象,NFC行動儲值卡(不含聯名卡)－(預先加載Preload) / 台灣大哥大,NFC行動儲值卡(不含聯名卡)－(空中下載Over The Air) / 中華電信,NFC行動儲值卡(不含聯名卡)－(空中下載Over The Air) / 台灣大哥大,NFC行動儲值卡(不含聯名卡)－(空中下載Over The Air) / 遠傳電信,NFC行動儲值卡(不含聯名卡)－(空中下載Over The Air) / 亞太電信,NFC行動儲值卡(聯名卡)－(空中下載Over The Air) / 中華電信/中國信託商業銀行,NFC行動儲值卡(聯名卡)－(空中下載Over The Air) / 中華電信/聯邦商業銀行,維護部門名稱,主管姓名,主管電話,承辦人姓名,承辦人電話,承辦人E-MAIL
115,2,115/02,391,778112,6035723,231443809,false,85370,459373,13785505,523768,3927967,168290994,122965,955057,28528898,39865,235362,6972477,640,25685,623529,4231,286425,10284180,1273,145854,2958226,一卡通票證股份有限公司,115 年 02 月,發卡數,85370,523768,122965,39865,640,4231,1273,營運產品群電支營運部,廖滋鐶,07-7933000#502,陳伯修,07-7933000#560,000827@i-pass.com.tw
115,1,115/01,391,778092,6025878,231081651,false,85370,458966,13776101,523748,3919414,167963888,122965,954270,28506405,39865,235264,6969322,640,25685,623529,4231,286425,10284180,1273,145854,2958226,一卡通票證股份有限公司,115 年 01 月,發卡數,85370,523748,122965,39865,640,4231,1273,營運產品群電支營運部,廖滋鐶,07-7933000#502,陳伯修,07-7933000#560,000827@i-pass.com.tw
114,12,114/12,391,778063,6014699,230664658,false,85370,458423,13761630,523719,3909707,167590864,122965,953413,28479148,39865,235193,6967136,640,25684,623474,4231,286425,10284180,1273,145854,2958226,一卡通票證股份有限公司,114 年 12 月,發卡數,85370,523719,122965,39865,640,4231,1273,營運產品群電支營運部,廖滋鐶,07-7933000#502,陳伯修,07-7933000#560,000827@i-pass.com.tw
114,11,114/11,391,778029,6002853,230243637,false,85370,457870,13745911,523685,3899253,167211330,122965,952652,28455621,39865,235116,6964950,640,25683,623419,4231,286425,10284180,1273,145854,2958226,一卡通票證股份有限公司,114 年 11 月,發卡數,85370,523685,122965,39865,640,4231,1273,營運產品群電支營運部,廖滋鐶,07-7933000#502,陳伯修,07-7933000#560,000827@i-pass.com.tw
114,10,114/10,391,777989,5991515,229825312,false,85370,457348,13733122,523645,3889311,166834531,122965,951895,28430525,39865,235003,6961409,640,25679,623319,4231,286425,10284180,1273,145854,2958226,一卡通票證股份有限公司,114 年 10 月,發卡數,85370,523645,122965,39865,640,4231,1273,營運產品群電支營運部,廖滋鐶,07-7933000#502,陳伯修,07-7933000#560,000827@i-pass.com.tw
114,9,114/09,391,777926,5979776,229387007,false,85370,456840,13720013,523592,3879141,166443767,122965,951014,28401770,39865,234834,6956017,640,25679,623319,4221,286415,10283920,1273,145853,2958201,一卡通票證股份有限公司,114 年 09 月,發卡數,85370,523592,122965,39865,640,4221,1273,營運產品群電支營運部,廖滋鐶,07-7933000#502,陳伯修,07-7933000#560,000827@i-pass.com.tw
114,8,114/08,391,777901,5967999,228927468,false,85370,456303,13705096,523567,3868779,166032134,122965,950282,28376481,39865,234702,6948742,640,25677,623224,4221,286404,10283590,1273,145852,2958201,一卡通票證股份有限公司,114 年 08 月,發卡數,85370,523567,122965,39865,640,4221,1273,營運產品群電支營運部,廖滋鐶,07-7933000#502,陳伯修,07-7933000#560,000827@i-pass.com.tw
114,7,114/07,391,777867,5955084,228425503,false,85370,455596,13688134,523533,3857457,165582396,122965,949561,28348137,39865,234562,6942369,640,25675,623129,4221,286386,10283137,1273,145847,2958201,一卡通票證股份有限公司,114 年 07 月,發卡數,85370,523533,122965,39865,640,4221,1273,營運產品群電支營運部,廖滋鐶,07-7933000#502,陳伯修,07-7933000#560,000827@i-pass.com.tw
114,6,114/06,391,777833,5942100,227924564,false,85370,454897,13671471,523499,3846285,165140978,122965,948722,28313197,39865,234429,6936611,640,25673,623034,4221,286257,10281164,1273,145837,2958109,一卡通票證股份有限公司,114 年 06 月,發卡數,85370,523499,122965,39865,640,4221,1273,營運產品群電支營運部,廖滋鐶,07-7933000#502,陳伯修,07-7933000#560,000827@i-pass.com.tw
114,5,114/05,391,777776,5928966,227449946,false,85370,454200,13657179,523442,3834960,164718212,122965,947928,28284887,39865,234325,6930783,640,25672,622984,4221,286075,10278146,1273,145806,2957755,一卡通票證股份有限公司,114 年 05 月,發卡數,85370,523442,122965,39865,640,4221,1273,營運產品群電支營運部,廖滋鐶,07-7933000#502,陳伯修,07-7933000#560,000827@i-pass.com.tw
114,4,114/04,391,777735,5914924,226960618,false,85370,453481,13641542,523401,3822795,164278516,122965,947077,28259565,39865,234222,6925184,640,25666,622949,4221,285901,10275563,1273,145782,2957299,一卡通票證股份有限公司,114 年 04 月,發卡數,85370,523401,122965,39865,640,4221,1273,營運產品群電支營運部,廖滋鐶,07-7933000#502,陳伯修,07-7933000#560,000827@i-pass.com.tw
114,3,114/03,391,777681,5901045,226472284,false,85370,452763,13625141,523349,3811034,163845768,122963,945998,28230695,39865,234102,6918706,640,25664,622949,4221,285715,10272015,1273,145769,2957010,一卡通票證股份有限公司,114 年 03 月,發卡數,85370,523349,122963,39865,640,4221,1273,營運產品群電支營運部,廖滋鐶,07-7933000#502,陳伯修,07-7933000#560,000827@i-pass.com.tw
114,2,114/02,391,777593,5886265,225955129,false,85370,452005,13609904,523261,3798566,163382626,122963,945236,28209888,39865,233915,6911947,640,25616,622799,4221,285334,10264316,1273,145593,2953649,一卡通票證股份有限公司,114 年 02 月,發卡數,85370,523261,122963,39865,640,4221,1273,營運產品群電支營運部,廖滋鐶,07-7933000#502,陳伯修,07-7933000#560,000827@i-pass.com.tw
114,1,114/01,391,777529,5873612,225540018,false,85370,451430,13598017,523198,3788300,163028568,122962,944497,28191705,39865,233689,6902051,640,25552,622289,4221,284781,10248850,1273,145363,2948538,一卡通票證股份有限公司,114 年 01 月,發卡數,85370,523198,122962,39865,640,4221,1273,營運產品群電支營運部,廖滋鐶,07-7933000#502,陳伯修,07-7933000#560,000827@i-pass.com.tw
113,12,113/12,391,777460,5858727,224998325,false,85370,450655,13582572,523129,3776376,162575936,122962,943772,28168098,39865,233549,6897333,640,25500,622289,4221,283714,10208536,1273,145161,2943561,一卡通票證股份有限公司,113 年 12 月,發卡數,85370,523129,122962,39865,640,4221,1273,營運產品群電支營運部,廖滋鐶,07-7933000#502,陳伯修,07-7933000#560,000827@i-pass.com.tw
113,11,113/11,391,777409,5842973,224439469,false,85370,449856,13565813,523085,3764087,162125283,122962,942718,28137652,39865,233346,6890069,640,25467,622029,4215,282534,10160589,1272,144965,2938034,一卡通票證股份有限公司,113 年 11 月,發卡數,85370,523085,122962,39865,640,4215,1272,營運產品群電支營運部,廖滋鐶,07-7933000#502,陳伯修,07-7933000#560,000827@i-pass.com.tw
113,10,113/10,391,777369,5828466,223891597,false,85370,449115,13548535,523057,3752714,161693453,122962,941844,28109959,39865,233177,6883795,640,25463,621799,4208,281380,10102325,1267,144773,2931731,一卡通票證股份有限公司,113 年 10 月,發卡數,85370,523057,122962,39865,640,4208,1267,營運產品群電支營運部,廖滋鐶,07-7933000#502,陳伯修,07-7933000#560,000827@i-pass.com.tw
113,9,113/09,391,777336,5814017,223350844,false,85370,448328,13532757,523033,3741309,161262633,122962,941039,28082928,39865,233048,6877663,640,25402,621759,4200,280300,10047626,1266,144591,2925478,一卡通票證股份有限公司,113 年 09 月,發卡數,85370,523033,122962,39865,640,4200,1266,營運產品群電支營運部,廖滋鐶,07-7933000#502,陳伯修,07-7933000#560,000827@i-pass.com.tw
113,8,113/08,391,777269,5798791,222775202,false,85370,447562,13515487,522978,3729258,160799782,122962,940197,28054110,39865,232908,6871315,640,25331,621619,4188,279124,9992357,1266,144411,2920532,一卡通票證股份有限公司,113 年 08 月,發卡數,85370,522978,122962,39865,640,4188,1266,營運產品群電支營運部,廖滋鐶,07-7933000#502,陳伯修,07-7933000#560,000827@i-pass.com.tw
113,7,113/07,391,777208,5782497,222177722,false,85370,446660,13495797,522923,3716498,160320569,122962,939260,28022821,39865,232760,6864526,640,25275,621394,4182,277912,9939569,1266,144132,2913046,一卡通票證股份有限公司,113 年 07 月,發卡數,85370,522923,122962,39865,640,4182,1266,營運產品群電支營運部,廖滋鐶,07-7933000#502,陳伯修,07-7933000#560,000827@i-pass.com.tw
113,6,113/06,391,777141,5766748,221591739,false,85370,445874,13475698,522865,3704127,159860391,122961,938306,27988923,39865,232582,6857912,640,25239,621294,4174,276724,9881210,1266,143896,2906311,一卡通票證股份有限公司,113 年 06 月,發卡數,85370,522865,122961,39865,640,4174,1266,營運產品群電支營運部,廖滋鐶,07-7933000#502,陳伯修,07-7933000#560,000827@i-pass.com.tw
113,5,113/05,391,777074,5750601,221013728,false,85370,445078,13460070,522811,3691280,159396216,122961,937516,27961874,39865,232383,6850255,640,25193,621065,4161,275573,9825778,1266,143578,2898470,一卡通票證股份有限公司,113 年 05 月,發卡數,85370,522811,122961,39865,640,4161,1266,營運產品群電支營運部,廖滋鐶,07-7933000#502,陳伯修,07-7933000#560,000827@i-pass.com.tw
113,4,113/04,391,777015,5734163,220444839,false,85370,444364,13446134,522769,3678050,158936198,122961,936685,27936216,39865,232221,6842081,640,25155,621026,4149,274401,9773083,1261,143287,2890101,一卡通票證股份有限公司,113 年 04 月,發卡數,85370,522769,122961,39865,640,4149,1261,營運產品群電支營運部,廖滋鐶,07-7933000#502,陳伯修,07-7933000#560,000827@i-pass.com.tw
113,3,113/03,391,776946,5718049,219863238,false,85370,443698,13432098,522711,3665021,158472615,122961,935981,27911795,39865,232008,6835356,640,25112,620996,4138,273189,9709453,1261,143040,2880925,一卡通票證股份有限公司,113 年 03 月,發卡數,85370,522711,122961,39865,640,4138,1261,營運產品群電支營運部,廖滋鐶,07-7933000#502,陳伯修,07-7933000#560,000827@i-pass.com.tw
113,2,113/02,391,776863,5701122,219262810,false,85370,443004,13413374,522650,3651386,157990732,122960,935277,27888395,39865,231750,6825703,640,25077,620866,4127,271909,9652792,1251,142719,2870948,一卡通票證股份有限公司,113 年 02 月,發卡數,85370,522650,122960,39865,640,4127,1251,營運產品群電支營運部,廖滋鐶,07-7933000#502,陳伯修,07-7933000#560,000827@i-pass.com.tw
113,1,113/01,391,776786,5684388,218691705,false,85370,442306,13397690,522604,3637948,157519979,122960,934437,27864231,39865,231463,6816207,640,25033,620696,4104,270737,9610457,1243,142464,2862445,一卡通票證股份有限公司,113 年 01 月,發卡數,85370,522604,122960,39865,640,4104,1243,營運產品群電支營運部,廖滋鐶,07-7933000#502,陳伯修,07-7933000#560,000827@i-pass.com.tw
112,12,112/12,391,776710,5666510,218095169,false,85370,441523,13381610,522550,3623617,157028259,122959,933610,27841721,39865,231147,6805850,640,24969,620470,4086,269521,9562958,1240,142123,2854301,一卡通票證股份有限公司,112 年 12 月,發卡數,85370,522550,122959,39865,640,4086,1240,營運產品群電支營運部,廖滋鐶,07-7933000#502,陳伯修,07-7933000#560,000827@i-pass.com.tw
112,11,112/11,391,776636,5647438,217416691,false,85370,440660,13358474,522491,3608539,156480453,122958,932568,27811092,39865,230817,6792377,640,24925,620163,4075,268121,9510356,1237,141808,2843776,一卡通票證股份有限公司,112 年 11 月,發卡數,85370,522491,122958,39865,640,4075,1237,營運產品群電支營運部,廖滋鐶,07-7933000#502,陳伯修,07-7933000#560,000827@i-pass.com.tw
112,10,112/10,391,776561,5629488,216762857,false,85370,439701,13332071,522430,3594407,155957587,122957,931654,27784281,39865,230554,6782555,640,24860,619891,4062,266782,9452631,1237,141530,2833841,一卡通票證股份有限公司,112 年 10 月,發卡數,85370,522430,122957,39865,640,4062,1237,營運產品群電支營運部,廖滋鐶,07-7933000#502,陳伯修,07-7933000#560,000827@i-pass.com.tw
112,9,112/09,391,776464,5610306,216078477,false,85370,438719,13303505,522352,3579441,155428975,122957,930751,27754246,39865,230226,6771176,640,24800,619692,4051,265160,9375729,1229,141209,2825154,一卡通票證股份有限公司,112 年 09 月,發卡數,85370,522352,122957,39865,640,4051,1229,營運產品群電支營運部,廖滋鐶,07-7933000#502,陳伯修,07-7933000#560,000827@i-pass.com.tw
112,8,112/08,391,776385,5591454,215416817,false,85370,437614,13272404,522280,3565016,154912256,122956,929888,27731895,39865,229874,6760235,640,24732,619417,4045,263455,9305455,1229,140875,2815155,一卡通票證股份有限公司,112 年 08 月,發卡數,85370,522280,122956,39865,640,4045,1229,營運產品群電支營運部,廖滋鐶,07-7933000#502,陳伯修,07-7933000#560,000827@i-pass.com.tw
112,7,112/07,391,776290,5571088,214721977,false,85370,436608,13246848,522205,3549440,154374176,122956,928824,27700529,39865,229521,6748799,640,24636,618781,4029,261602,9229636,1225,140457,2803208,一卡通票證股份有限公司,112 年 07 月,發卡數,85370,522205,122956,39865,640,4029,1225,營運產品群電支營運部,廖滋鐶,07-7933000#502,陳伯修,07-7933000#560,000827@i-pass.com.tw
112,6,112/06,391,776187,5549891,213989262,false,85370,435688,13221762,522115,3533214,153799306,122956,927586,27664510,39865,229145,6735308,640,24545,618641,4024,259607,9156046,1217,140106,2793689,一卡通票證股份有限公司,112 年 06 月,發卡數,85370,522115,122956,39865,640,4024,1217,營運產品群電支營運部,廖滋鐶,07-7933000#502,陳伯修,07-7933000#560,000827@i-pass.com.tw
112,5,112/05,391,776097,5527832,213234018,false,85370,434824,13196487,522037,3516284,153215102,122955,926472,27630446,39865,228740,6720090,640,24393,618028,4015,257333,9069596,1215,139786,2784269,一卡通票證股份有限公司,112 年 05 月,發卡數,85370,522037,122955,39865,640,4015,1215,營運產品群電支營運部,廖滋鐶,07-7933000#502,陳伯修,07-7933000#560,000827@i-pass.com.tw
112,4,112/04,391,775972,5504562,212431138,false,85370,433944,13168146,521931,3498649,152590279,122955,925259,27594070,39865,228193,6701448,640,24175,617248,3998,255020,8986919,1213,139322,2773028,一卡通票證股份有限公司,112 年 04 月,發卡數,85370,521931,122955,39865,640,3998,1213,營運產品群電支營運部,廖滋鐶,07-7933000#502,陳伯修,07-7933000#560,000827@i-pass.com.tw
112,3,112/03,391,775855,5480591,211645542,false,85370,432933,13137554,521843,3480535,151985513,122954,923823,27552372,39865,227566,6682666,640,23974,616769,3976,252802,8908265,1207,138958,2762403,一卡通票證股份有限公司,112 年 03 月,發卡數,85370,521843,122954,39865,640,3976,1207,營運產品群電支營運部,廖滋鐶,07-7933000#502,陳伯修,07-7933000#560,000827@i-pass.com.tw
112,2,112/02,391,775756,5454994,210809674,false,85370,431809,13102356,521748,3461403,151346662,122954,922296,27508419,39865,226965,6663384,640,23773,615869,3972,250275,8822933,1207,138473,2750051,一卡通票證股份有限公司,112 年 02 月,發卡數,85370,521748,122954,39865,640,3972,1207,營運產品群電支營運部,廖滋鐶,07-7933000#502,陳伯修,07-7933000#560,000827@i-pass.com.tw
112,1,112/01,391,775591,5431859,210032817,false,85370,430834,13075861,521603,3444067,150747531,122954,920847,27465994,39865,226395,6646296,640,23633,614961,3956,248010,8743165,1203,138073,2739009,一卡通票證股份有限公司,112 年 01 月,發卡數,85370,521603,122954,39865,640,3956,1203,營運產品群電支營運部,廖滋鐶,07-7933000#502,陳伯修,07-7933000#560,000827@i-pass.com.tw
111,12,111/12,391,775411,5408195,209183541,false,85370,429762,13045333,521438,3426304,150085836,122954,919310,27416493,39865,225937,6631301,640,23501,613537,3945,245690,8663231,1199,137691,2727810,一卡通票證股份有限公司,111 年 12 月,發卡數,85370,521438,122954,39865,640,3945,1199,營運產品群電支營運部,廖滋鐶,07-7933000#502,陳伯修,07-7933000#560,000827@i-pass.com.tw
111,11,111/11,391,775179,5381604,208263186,false,85370,428500,13006962,521226,3406382,149376309,122953,917665,27367531,39865,225473,6614814,640,23415,612833,3931,243047,8568272,1194,137122,2716465,一卡通票證股份有限公司,111 年 11 月,發卡數,85370,521226,122953,39865,640,3931,1194,營運產品群電支營運部,廖滋鐶,07-7933000#502,陳伯修,07-7933000#560,000827@i-pass.com.tw
111,10,111/10,391,774907,5356050,207381544,false,85370,427420,12975649,520964,3386929,148683655,122953,916278,27326024,39865,224883,6596213,640,23283,612046,3922,240627,8482466,1193,136630,2705491,一卡通票證股份有限公司,111 年 10 月,發卡數,85370,520964,122953,39865,640,3922,1193,營運產品群電支營運部,廖滋鐶,07-7933000#502,陳伯修,07-7933000#560,000827@i-pass.com.tw
111,9,111/09,391,774561,5329820,206415051,false,85370,426412,12941859,520638,3366994,147919229,122953,914662,27275198,39865,224320,6578317,640,23139,611149,3906,238187,8397166,1189,136106,2692133,一卡通票證股份有限公司,111 年 09 月,發卡數,85370,520638,122953,39865,640,3906,1189,營運產品群電支營運部,廖滋鐶,07-7933000#502,陳伯修,07-7933000#560,000827@i-pass.com.tw
111,8,111/08,391,774145,5305140,205486840,false,85370,425390,12906809,520247,3348587,147193488,122953,913023,27220748,39865,223692,6559847,640,22972,610485,3883,235851,8312289,1187,135625,2683174,一卡通票證股份有限公司,111 年 08 月,發卡數,85370,520247,122953,39865,640,3883,1187,營運產品群電支營運部,廖滋鐶,07-7933000#502,陳伯修,07-7933000#560,000827@i-pass.com.tw
111,7,111/07,391,773595,5278936,204463545,false,85370,424185,12870696,519721,3328942,146374137,122953,911324,27162887,39865,223124,6544939,640,22816,609368,3868,233421,8231484,1178,135124,2670034,一卡通票證股份有限公司,111 年 07 月,發卡數,85370,519721,122953,39865,640,3868,1178,營運產品群電支營運部,廖滋鐶,07-7933000#502,陳伯修,07-7933000#560,000827@i-pass.com.tw
111,6,111/06,391,772991,5253824,203430360,false,85370,423083,12842669,519148,3310237,145545253,122952,909483,27102662,39865,222612,6531762,640,22647,608671,3846,231133,8145001,1170,134629,2654342,一卡通票證股份有限公司,111 年 06 月,發卡數,85370,519148,122952,39865,640,3846,1170,營運產品群電支營運部,廖滋鐶,07-7933000#502,陳伯修,07-7933000#560,000827@i-pass.com.tw
111,5,111/05,391,772405,5232757,202479847,false,85370,422080,12813763,518567,3294799,144782250,122952,907846,27047538,39865,222031,6515698,640,22529,607813,3842,229307,8074088,1169,134165,2638697,一卡通票證股份有限公司,111 年 05 月,發卡數,85370,518567,122952,39865,640,3842,1169,營運產品群電支營運部,廖滋鐶,07-7933000#502,陳伯修,07-7933000#560,000827@i-pass.com.tw
111,4,111/04,391,771784,5212628,201517706,false,85370,421319,12790318,517960,3279927,144001072,122952,906228,26994223,39865,221405,6498958,640,22436,607151,3830,227569,8001984,1167,133744,2624000,一卡通票證股份有限公司,111 年 04 月,發卡數,85370,517960,122952,39865,640,3830,1167,營運產品群電支營運部,廖滋鐶,07-7933000#502,陳伯修,07-7933000#560,000827@i-pass.com.tw
111,3,111/03,391,771166,5187576,200422595,false,85370,420327,12758478,517361,3260915,143109371,122950,904453,26934952,39865,220902,6484331,640,22317,606258,3818,225380,7922434,1162,133282,2606771,一卡通票證股份有限公司,111 年 03 月,發卡數,85370,517361,122950,39865,640,3818,1162,營運產品群電支營運部,廖滋鐶,07-7933000#502,陳伯修,07-7933000#560,000827@i-pass.com.tw
111,2,111/02,391,770329,5157866,199167863,false,85370,419140,12725359,516542,3238729,142090128,122949,902274,26865850,39865,220356,6471416,640,22222,605570,3807,222469,7821936,1156,132676,2587604,一卡通票證股份有限公司,111 年 02 月,發卡數,85370,516542,122949,39865,640,3807,1156,營運產品群電支營運部,廖滋鐶,07-7933000#502,陳伯修,07-7933000#560,000827@i-pass.com.tw
111,1,111/01,391,769562,5133792,198058005,false,85370,418047,12692371,515793,3221206,141188264,122947,900350,26805606,39865,219882,6458176,640,22164,605010,3795,220004,7740228,1152,132139,2568350,一卡通票證股份有限公司,111 年 01 月,發卡數,85370,515793,122947,39865,640,3795,1152,營運產品群電支營運部,廖滋鐶,07-7933000#502,陳伯修,07-7933000#560,000827@i-pass.com.tw
110,12,110/12,391,768744,5105708,196824939,false,85382,416823,12653772,514984,3200450,140197042,122947,898322,26737172,39864,219253,6441722,640,22079,604321,3776,217292,7644584,1151,131489,2546326,一卡通票證股份有限公司,110 年 12 月,發卡數,85382,514984,122947,39864,640,3776,1151,營運產品群電支營運部,廖滋鐶,07-7933000#502,陳伯修,07-7933000#560,000827@i-pass.com.tw
110,11,110/11,391,768185,5072457,195554211,false,85382,415252,12610098,514463,3175896,139184580,122946,896033,26664183,39846,218519,6418595,640,21998,603678,3760,214052,7530528,1148,130707,2542549,一卡通票證股份有限公司,110 年 11 月,發卡數,85382,514463,122946,39846,640,3760,1148,營運產品群電支營運部,廖滋鐶,07-7933000#502,陳伯修,07-7933000#560,000827@i-pass.com.tw
110,10,110/10,391,767652,5040252,194252574,false,85382,413594,12557719,513946,3152400,138163272,122945,893591,26582541,39864,217896,6398880,640,21895,602893,3734,210913,7430933,1141,129963,2516336,一卡通票證股份有限公司,110 年 10 月,發卡數,85382,513946,122945,39864,640,3734,1141,營運產品群電支營運部,廖滋鐶,07-7933000#502,陳伯修,07-7933000#560,000827@i-pass.com.tw
110,9,110/09,391,767059,5008635,192947809,false,85382,411890,12502846,513385,3129302,137148222,122944,891044,26482619,39864,217330,6378207,640,21782,602077,3708,208076,7340139,1136,129211,2493699,一卡通票證股份有限公司,110 年 09 月,發卡數,85382,513385,122944,39864,640,3708,1136,營運產品群電支營運部,廖滋鐶,07-7933000#502,陳伯修,07-7933000#560,000827@i-pass.com.tw
110,8,110/08,391,766282,4982156,191756223,false,85382,410324,12449836,512641,3110107,136216726,122944,888835,26399858,39864,216922,6361769,640,21674,599672,3686,205796,7257975,1125,128498,2470387,一卡通票證股份有限公司,110 年 08 月,發卡數,85382,512641,122944,39864,640,3686,1125,營運產品群電支營運部,廖滋鐶,07-7933000#502,陳伯修,07-7933000#560,000827@i-pass.com.tw
110,7,110/07,391,765398,4958767,190548806,false,85382,408801,12385122,511783,3093857,135306644,122944,886512,26290002,39864,216415,6341368,640,21639,599396,3668,203695,7178230,1117,127848,2448044,一卡通票證股份有限公司,110 年 07 月,發卡數,85382,511783,122944,39864,640,3668,1117,營運產品群電支營運部,廖滋鐶,07-7933000#502,陳伯修,07-7933000#560,000827@i-pass.com.tw
110,6,110/06,391,764512,4941059,189437701,false,85382,407589,12322047,510915,3081783,134457616,122944,884633,26189576,39864,215991,6323282,640,21560,598794,3654,202153,7113343,1113,127350,2433043,一卡通票證股份有限公司,110 年 06 月,發卡數,85382,510915,122944,39864,640,3654,1113,營運產品群電支營運部,廖滋鐶,07-7933000#502,陳伯修,07-7933000#560,000827@i-pass.com.tw
110,5,110/05,391,763808,4927444,188481105,false,85382,406556,12267121,510231,3072629,133736555,122944,883106,26101964,39864,215726,6309079,640,21466,597280,3640,200991,7054592,1107,126970,2414514,一卡通票證股份有限公司,110 年 05 月,發卡數,85382,510231,122944,39864,640,3640,1107,營運產品群電支營運部,廖滋鐶,07-7933000#502,陳伯修,07-7933000#560,000827@i-pass.com.tw
110,4,110/04,391,763730,4900257,187376535,false,85382,404482,12195263,510190,3054447,132968808,122944,880144,25982447,39864,214959,6285146,640,21362,594172,3609,198526,6959986,1101,126337,2390713,一卡通票證股份有限公司,110 年 04 月,發卡數,85382,510190,122944,39864,640,3609,1101,營運產品群電支營運部,廖滋鐶,07-7933000#502,陳伯修,07-7933000#560,000827@i-pass.com.tw
110,3,110/03,391,763712,4855832,185937202,false,85382,401080,12097927,510190,3024564,131965408,122944,875534,25835827,39864,213924,6255364,640,21284,593200,3593,194354,6833142,1099,125092,2356334,一卡通票證股份有限公司,110 年 03 月,發卡數,85382,510190,122944,39864,640,3593,1099,營運產品群電支營運部,廖滋鐶,07-7933000#502,陳伯修,07-7933000#560,000827@i-pass.com.tw
110,2,110/02,391,761335,4806918,183796581,false,85337,397322,11994556,507884,2991823,130310725,122942,870685,25672261,39864,212696,6217444,640,21187,591472,3575,189471,6692162,1093,123734,2317961,一卡通票證股份有限公司,110 年 02 月,發卡數,85337,507884,122942,39864,640,3575,1093,營運產品群電支營運部,廖滋鐶,07-7933000#502,陳伯修,07-7933000#560,000827@i-pass.com.tw
110,1,110/01,391,758982,4765940,181622091,false,85325,394310,11909676,505577,2964331,128538229,122942,866532,25540925,39864,211634,6187507,640,21066,590317,3554,185508,6571165,1080,122559,2284272,一卡通票證股份有限公司,110 年 01 月,發卡數,85325,505577,122942,39864,640,3554,1080,營運產品群電支營運部,廖滋鐶,07-7933000#502,陳伯修,07-7933000#560,000827@i-pass.com.tw
109,12,109/12,391,756366,4717397,179070226,false,85316,390843,11815644,503000,2931950,126476118,122942,861471,25378875,39864,210411,6156451,640,20942,589272,3532,180650,6413313,1072,121130,2240553,一卡通票證股份有限公司,109 年 12 月,發卡數,85316,503000,122942,39864,640,3532,1072,營運產品群電支營運部,廖滋鐶,07-7933000#502,陳伯修,07-7933000#560,000827@i-pass.com.tw
109,11,109/11,391,754042,4661319,176530068,false,85297,387079,11712202,500740,2894061,124470947,122942,855476,25199275,39864,208939,6121090,640,20803,587440,3498,175415,6242775,1061,119546,2196339,一卡通票證股份有限公司,109 年 11 月,發卡數,85297,500740,122942,39864,640,3498,1061,營運產品群電支營運部,廖滋鐶,07-7933000#502,陳伯修,07-7933000#560,000827@i-pass.com.tw
109,10,109/10,391,751665,4605965,173937083,false,85273,383287,11616889,498431,2856423,122417203,122942,849664,25020104,39864,207375,6083634,640,20677,585226,3468,170397,6064780,1047,118142,2149247,一卡通票證股份有限公司,109 年 10 月,發卡數,85273,498431,122942,39864,640,3468,1047,營運產品群電支營運部,廖滋鐶,07-7933000#502,陳伯修,07-7933000#560,000827@i-pass.com.tw
109,9,109/09,391,749034,4546711,171065386,false,85250,379208,11508049,495882,2816132,120123600,122942,843285,24821915,39863,205639,6039854,640,20503,581808,3429,165349,5887609,1028,116595,2102551,一卡通票證股份有限公司,109 年 09 月,發卡數,85250,495882,122942,39863,640,3429,1028,營運產品群電支營運部,廖滋鐶,07-7933000#502,陳伯修,07-7933000#560,000827@i-pass.com.tw
109,8,109/08,391,745714,4486177,167906863,false,85234,375615,11405488,492634,2774106,117523683,122942,837161,24637793,39863,204080,5999463,640,20345,578887,3385,159882,5714070,1016,114988,2047479,一卡通票證股份有限公司,109 年 08 月,發卡數,85234,492634,122942,39863,640,3385,1016,營運產品群電支營運部,廖滋鐶,07-7933000#502,陳伯修,07-7933000#560,000827@i-pass.com.tw
109,7,109/07,391,742228,4422913,164543980,false,85220,371724,11288311,489212,2730243,114775846,122942,830382,24432523,39863,202634,5957525,640,20202,576468,3351,154344,5519375,1000,113384,1993932,一卡通票證股份有限公司,109 年 07 月,發卡數,85220,489212,122942,39863,640,3351,1000,營運產品群電支營運部,廖滋鐶,07-7933000#502,陳伯修,07-7933000#560,000827@i-pass.com.tw
109,6,109/06,391,738197,4355373,160903137,false,85196,367465,11174613,485268,2683886,111783096,122942,823255,24223670,39863,200898,5903808,640,20013,572552,3308,148045,5309196,980,111811,1936202,一卡通票證股份有限公司,109 年 06 月,發卡數,85196,485268,122942,39863,640,3308,980,營運產品群電支營運部,廖滋鐶,07-7933000#502,陳伯修,07-7933000#560,000827@i-pass.com.tw
109,5,109/05,391,733418,4288704,156966411,false,85178,363213,11048313,480555,2638427,108497657,122941,816220,24023497,39863,199039,5846017,640,19898,569381,3276,141902,5105812,965,110005,1875734,一卡通票證股份有限公司,109 年 05 月,發卡數,85178,480555,122941,39863,640,3276,965,營運產品群電支營運部,廖滋鐶,07-7933000#502,陳伯修,07-7933000#560,000827@i-pass.com.tw
109,4,109/04,391,724883,4161341,151086372,false,85161,359102,10935036,472061,2590302,103245209,122941,750470,23825686,39863,197333,5794516,640,19779,566584,3263,136206,4903255,954,108149,1816086,一卡通票證股份有限公司,109 年 04 月,發卡數,85161,472061,122941,39863,640,3263,954,營運產品群電支營運部,廖滋鐶,07-7933000#502,陳伯修,07-7933000#560,000827@i-pass.com.tw
109,3,109/03,391,716562,4098514,145633858,false,85148,355553,10813939,463797,2546033,98442938,122941,744126,23608314,39863,195641,5736485,640,19672,564994,3233,131102,4709858,940,106387,1757330,一卡通票證股份有限公司,109 年 03 月,發卡數,85148,463797,122941,39863,640,3233,940,營運產品群電支營運部,廖滋鐶,07-7933000#502,陳伯修,07-7933000#560,000827@i-pass.com.tw
109,2,109/02,391,706434,4017599,139111386,false,85113,350891,10667959,453774,2489788,92716256,122940,735835,23331467,39863,193026,5662916,640,19447,560955,3186,124443,4475253,918,104169,1696580,一卡通票證股份有限公司,109 年 02 月,發卡數,85113,453774,122940,39863,640,3186,918,營運產品群電支營運部,廖滋鐶,07-7933000#502,陳伯修,07-7933000#560,000827@i-pass.com.tw
109,1,109/01,391,694964,3936987,132192552,false,85061,346297,10514520,442435,2434337,86621923,122937,726559,23042943,39863,190609,5587491,640,19222,556716,3132,117873,4232946,896,102090,1636013,一卡通票證股份有限公司,109 年 01 月,發卡數,85061,442435,122937,39863,640,3132,896,營運產品群電支營運部,廖滋鐶,07-7933000#502,陳伯修,07-7933000#560,000827@i-pass.com.tw
108,12,108/12,391,685442,3846389,125862611,false,85021,340760,10357810,433017,2373333,81180282,122937,715781,22721156,39863,187318,5496574,640,18882,551561,3091,115872,4179075,873,94443,1376153,一卡通票證股份有限公司,108 年 12 月,發卡數,85021,433017,122937,39863,640,3091,873,營運產品群電支營運部,廖滋鐶,07-7933000#502,陳伯修,07-7933000#560,000827@i-pass.com.tw
108,11,108/11,391,676186,3744628,120416820,false,84989,334084,10181656,423894,2305018,76675326,122937,704241,22379682,39862,183452,5401886,640,18356,542077,3018,107311,3922585,846,92166,1313608,一卡通票證股份有限公司,108 年 11 月,發卡數,84989,423894,122937,39862,640,3018,846,營運產品群電支營運部,廖滋鐶,07-7933000#502,陳伯修,07-7933000#560,000827@i-pass.com.tw
108,10,108/10,391,667983,3649602,116168940,false,84950,327288,10006766,415844,2243046,73386952,122937,692070,22020072,39862,180040,5309979,640,17906,531176,2933,99058,3660742,817,90194,1253253,一卡通票證股份有限公司,108 年 10 月,發卡數,84950,415844,122937,39862,640,2933,817,營運產品群電支營運部,廖滋鐶,07-7933000#502,陳伯修,07-7933000#560,000827@i-pass.com.tw
108,9,108/09,391,662570,3554525,113469948,false,84896,320384,9827693,410605,2182485,71682517,122937,679117,21632875,39862,176192,5200880,640,17442,519770,2847,90807,3416894,783,88098,1189319,一卡通票證股份有限公司,108 年 09 月,發卡數,84896,410605,122937,39862,640,2847,783,營運產品群電支營運部,廖滋鐶,07-7933000#502,陳伯修,07-7933000#560,000827@i-pass.com.tw
108,8,108/08,391,656747,3461802,110798175,false,84837,313357,9641434,404947,2123323,70000702,122936,666203,21246233,39862,172250,5087381,640,17091,510240,2774,83233,3181153,751,86345,1131032,一卡通票證股份有限公司,108 年 08 月,發卡數,84837,404947,122936,39862,640,2774,751,營運產品群電支營運部,廖滋鐶,07-7933000#502,陳伯修,07-7933000#560,000827@i-pass.com.tw
108,7,108/07,391,649800,3365208,107978241,false,84770,306311,9446367,398189,2062981,68266266,122931,651804,20828123,39862,167830,4954757,640,16680,497540,2694,75053,2908239,714,84549,1076949,一卡通票證股份有限公司,108 年 07 月,發卡數,84770,398189,122931,39862,640,2694,714,營運產品群電支營運部,廖滋鐶,07-7933000#502,陳伯修,07-7933000#560,000827@i-pass.com.tw
108,6,108/06,391,643720,3265393,104989847,false,84700,298678,9245780,392245,2001104,66404108,122928,636396,20368549,39862,163244,4816378,640,16053,482115,2660,66981,2648663,685,82937,1024254,一卡通票證股份有限公司,108 年 06 月,發卡數,84700,392245,122928,39862,640,2660,685,營運產品群電支營運部,廖滋鐶,07-7933000#502,陳伯修,07-7933000#560,000827@i-pass.com.tw
108,5,108/05,391,638355,3221561,103494524,false,84634,294726,9117610,387068,1979303,65646468,122928,624696,19987391,39862,161261,4745443,640,15968,479749,2553,63257,2511083,670,82350,1006780,一卡通票證股份有限公司,108 年 05 月,發卡數,84634,387068,122928,39862,640,2553,670,營運產品群電支營運部,廖滋鐶,07-7933000#502,陳伯修,07-7933000#560,000827@i-pass.com.tw
108,4,108/04,391,631479,3055503,100326779,false,84559,286492,8889016,380467,1916113,63733272,122925,607493,19477351,39787,155971,4577213,640,15251,449453,2447,55023,2243453,654,19160,957021,一卡通票證股份有限公司,108 年 04 月,發卡數,84559,380467,122925,39787,640,2447,654,營運產品群電支營運部,廖滋鐶,07-7933000#502,陳伯修,07-7933000#560,000827@i-pass.com.tw
108,3,108/03,391,624761,2952228,97269885,false,84439,278558,8660400,373960,1866756,62246793,122921,573710,18500228,39787,147582,4357183,640,14484,430072,2375,52839,2158327,639,18299,916882,一卡通票證股份有限公司,108 年 03 月,發卡數,84439,373960,122921,39787,640,2375,639,營運產品群電支營運部,廖滋鐶,07-7933000#502,陳伯修,07-7933000#560,000827@i-pass.com.tw
108,2,108/02,391,616719,2843628,94078060,false,84310,265184,8294398,366252,1817389,60759791,122918,539939,17523473,39787,139306,4139763,640,13717,410691,2198,50655,2073201,614,17438,876743,一卡通票證股份有限公司,108 年 02 月,發卡數,84310,366252,122918,39787,640,2198,614,營運產品群電支營運部,廖滋鐶,07-7933000#502,陳伯修,07-7933000#560,000827@i-pass.com.tw
108,1,108/01,391,608755,2779954,91980326,false,84112,256997,8052191,358895,1786334,59729175,122917,523460,17000076,39787,136020,4034319,640,13548,405224,538,47114,2034878,1866,16481,724463,一卡通票證股份有限公司,108 年 01 月,發卡數,84112,358895,122917,39787,640,538,1866,營運產品群電支營運部,廖滋鐶,07-7933000#502,陳伯修,07-7933000#560,000827@i-pass.com.tw
107,12,107/12,391,598168,2674669,88725633,false,83845,246024,7737595,348557,1723021,57806880,122910,517279,16813909,39787,118596,3499043,640,12796,385542,1885,41534,1801450,544,15419,681214,一卡通票證股份有限公司,107 年 12 月,發卡數,83845,348557,122910,39787,640,1885,544,營運產品群電支營運部,廖滋鐶,07-7933000#502,陳伯修,07-7933000#560,000827@i-pass.com.tw
107,11,107/11,391,583238,2565711,85415339,false,83329,235837,7448157,334354,1657090,55861915,122907,498071,16230431,39787,112100,3294596,640,11839,364943,1713,36323,1580882,508,14451,634415,一卡通票證股份有限公司,107 年 11 月,發卡數,83329,334354,122907,39787,640,1713,508,營運產品群電支營運部,廖滋鐶,07-7933000#502,陳伯修,07-7933000#560,000827@i-pass.com.tw
107,10,107/10,391,571833,2456432,82112107,false,82395,225119,7146307,318143,1592266,53948439,128895,477578,15617197,39787,105508,3097385,640,10659,336666,1504,31780,1374031,469,13522,592082,一卡通票證股份有限公司,107 年 10 月,發卡數,82395,318143,128895,39787,640,1504,469,營運產品群電支營運部,廖滋鐶,07-7933000#502,陳伯修,07-7933000#560,000827@i-pass.com.tw
107,9,107/09,391,543300,2388332,79959144,false,80824,213717,6834397,297557,1560550,52946115,122886,460887,15113253,39787,102852,3010490,640,10455,330154,1191,30814,1331076,415,9057,393659,一卡通票證股份有限公司,107 年 09 月,發卡數,80824,297557,122886,39787,640,1191,415,營運產品群電支營運部,廖滋鐶,07-7933000#502,陳伯修,07-7933000#560,000827@i-pass.com.tw
107,8,107/08,391,512670,2322132,77783256,false,72484,202844,6520464,276156,1529428,51903795,122380,444522,14590919,39655,99585,2905368,567,10286,324687,1040,27362,1182620,388,8105,355403,一卡通票證股份有限公司,107 年 08 月,發卡數,72484,276156,122380,39655,567,1040,388,營運產品群電支營運部,廖滋鐶,07-7933000#502,陳伯修,07-7933000#560,000827@i-pass.com.tw
107,7,107/07,391,476011,2205491,74130384,false,61499,193186,6245004,252936,1459321,49766271,121462,420812,13827013,38528,92081,2668225,532,9371,295541,762,23564,1016630,292,7156,311700,一卡通票證股份有限公司,107 年 07 月,發卡數,61499,252936,121462,38528,532,762,292,營運產品群電支營運部,廖滋鐶,07-7933000#502,陳伯修,07-7933000#560,000827@i-pass.com.tw
107,6,107/06,391,442365,2100529,71017841,false,52206,183793,5970307,232631,1409561,48267554,119079,387091,12849950,36671,83805,2450805,479,8604,276160,942,21380,931504,357,6295,271561,一卡通票證股份有限公司,107 年 06 月,發卡數,52206,232631,119079,36671,479,942,357,營運產品群電支營運部,廖滋鐶,07-7933000#502,陳伯修,07-7933000#560,000827@i-pass.com.tw
107,5,107/05,391,415464,2006626,67137548,false,48632,174201,5696676,214540,1334688,45932689,114485,390441,12045324,36162,76560,2230589,437,7608,235768,878,17811,765576,330,5317,230926,一卡通票證股份有限公司,107 年 05 月,發卡數,48632,214540,114485,36162,437,878,330,營運產品群電支營運部,廖滋鐶,07-7933000#502,陳伯修,07-7933000#560,000827@i-pass.com.tw
107,4,107/04,391,391214,1879021,63165499,false,47765,164026,5398121,197711,1259648,43651290,108263,361055,11120742,35976,68606,1988415,392,6825,209887,799,14349,601112,308,4512,195932,一卡通票證股份有限公司,107 年 04 月,發卡數,47765,197711,108263,35976,392,799,308,營運產品群電支營運部,廖滋鐶,07-7933000#502,陳伯修,07-7933000#560,000827@i-pass.com.tw
107,3,107/03,391,355568,1760848,59426042,false,47126,153686,5090426,170193,1194489,41597294,101195,331207,10193327,35697,60657,1752931,346,5972,177616,719,11170,458141,292,3667,156307,一卡通票證股份有限公司,107 年 03 月,發卡數,47126,170193,101195,35697,346,719,292,營運產品群電支營運部,廖滋鐶,07-7933000#502,陳伯修,07-7933000#560,000827@i-pass.com.tw
107,2,107/02,391,315149,1637743,55635590,false,47014,142039,4760500,139517,1128774,39583915,92747,299223,9208382,34638,52119,1497765,320,5120,144290,652,7890,321914,261,2578,118824,一卡通票證股份有限公司,107 年 02 月,發卡數,47014,139517,92747,34638,320,652,261,營運產品群電支營運部,廖滋鐶,07-7933000#502,陳伯修,07-7933000#560,000827@i-pass.com.tw